,0
0,0.27638048
1,0.21777244
2,0.21777244
3,0.593756
4,0.22642638
5,0.21767418
6,0.21777244
7,0.23167646
8,0.28905594
9,0.24133468
10,0.21767418
11,0.28530127
12,0.22886246
13,0.21767418
14,0.21767418
15,0.54314435
16,0.21767418
17,0.22962025
18,0.28530127
19,0.26024377
20,0.28905594
21,0.22886246
22,0.5119697
23,0.24130523
24,0.45581543
25,0.48102072
26,0.22333857
27,0.21777244
28,0.23775136
29,0.6601101
30,0.5637455
31,0.21765551
32,0.21778417
33,0.2870179
34,0.4324091
35,0.6457068
36,0.26525092
37,0.6602887
38,0.6465225
39,0.64267606
40,0.66380286
41,0.6609048
42,0.57718533
43,0.6630753
44,0.6450316
45,0.657745
46,0.24158677
47,0.66422
48,0.6618135
49,0.6630753
50,0.24158677
51,0.66415
52,0.22910342
53,0.55770636
54,0.25694972
55,0.24610262
56,0.55770636
57,0.64707005
58,0.25694972
59,0.5726212
60,0.38066152
61,0.22910342
62,0.25694972
63,0.61638975
64,0.24610262
65,0.25694972
66,0.22062638
67,0.27296415
68,0.6140059
69,0.65704846
70,0.65902346
71,0.65704846
72,0.24864353
73,0.21868658
74,0.2170453
75,0.66318893
76,0.6638046
77,0.21948022
78,0.6140059
79,0.2170453
80,0.64700353
81,0.265968
82,0.23115559
83,0.66368514
84,0.50172126
85,0.30740845
86,0.24972636
87,0.66368514
88,0.5415568
89,0.30740845
90,0.2378899
91,0.28400114
92,0.66426176
93,0.6593028
94,0.58496535
95,0.6593028
96,0.57383925
97,0.65699947
98,0.2378899
99,0.21873908
100,0.66426176
101,0.6427922
102,0.50172126
103,0.6427922
104,0.66368514
105,0.56368893
106,0.66426176
107,0.27485272
108,0.4788348
109,0.47976714
110,0.56533813
111,0.63345087
112,0.64990675
113,0.63777506
114,0.63805825
115,0.4229198
116,0.63777506
117,0.63777506
118,0.27309716
119,0.6209792
120,0.27352834
121,0.6209792
122,0.31535444
123,0.65778244
124,0.55770636
125,0.6529902
126,0.2870179
127,0.2882279
128,0.55770636
129,0.6601101
130,0.25694972
131,0.21778417
132,0.21778417
133,0.2870179
134,0.25694972
135,0.2870179
136,0.43826258
137,0.25694972
138,0.25694972
139,0.65492916
140,0.24610262
141,0.659708
142,0.27352834
143,0.5637455
144,0.6209792
145,0.6494633
146,0.31535444
147,0.41507888
148,0.6209792
149,0.2627276
150,0.5671042
151,0.6209792
152,0.2870179
153,0.24802722
154,0.22486764
155,0.6626535
156,0.22620994
157,0.66415
158,0.66187143
159,0.6618135
160,0.60266006
161,0.2270427
162,0.21765551
163,0.59762883
164,0.21765551
165,0.21765551
166,0.23114938
167,0.21788794
168,0.21788794
169,0.21788794
170,0.21788794
171,0.21788794
172,0.6630441
173,0.6619503
174,0.6427922
175,0.6000217
176,0.21788794
177,0.6630441
178,0.5719054
179,0.34352612
180,0.6608676
181,0.27638048
182,0.56111753
183,0.64776903
184,0.56111753
185,0.35449958
186,0.28272253
187,0.42860323
188,0.5555172
189,0.5947982
190,0.645888
191,0.64710736
192,0.5675683
193,0.28530127
194,0.2364662
195,0.2463093
196,0.29225236
197,0.48102072
198,0.24214841
199,0.22068316
200,0.2695992
201,0.23557736
202,0.22068316
203,0.41367233
204,0.42860323
205,0.48102072
206,0.26024377
207,0.23557736
208,0.22068316
209,0.32196683
210,0.2276938
211,0.24516894
212,0.22692458
213,0.2364662
214,0.25215852
215,0.48102072
216,0.5546469
217,0.21789178
218,0.21767418
219,0.2455217
220,0.21777244
221,0.245903
222,0.29197678
223,0.21777244
224,0.21777244
225,0.2177866
226,0.63579094
227,0.21789178
228,0.4324091
229,0.31205416
230,0.4324091
231,0.59762883
232,0.21778417
233,0.6581223
234,0.3464223
235,0.59762883
236,0.4324091
237,0.24385783
238,0.21778417
239,0.21778417
240,0.21765551
241,0.54060775
242,0.31535444
243,0.4324091
244,0.21765551
245,0.22169527
246,0.24385783
247,0.57721514
248,0.6599998
249,0.3663039
250,0.57721514
251,0.22169527
252,0.64366865
253,0.24385783
254,0.31535444
255,0.21778417
256,0.24610262
257,0.21765551
258,0.4324091
259,0.66382325
260,0.616567
261,0.21765551
262,0.60266006
263,0.21765551
264,0.21778417
265,0.616567
266,0.66183406
267,0.49150506
268,0.21765551
269,0.22870295
270,0.21778417
271,0.66350186
272,0.21778417
273,0.21778417
274,0.65921485
275,0.62930113
276,0.6494633
277,0.21765551
278,0.21778417
279,0.21778417
280,0.24385783
281,0.61638975
282,0.6191567
283,0.6209792
284,0.6209792
285,0.5900977
286,0.5663973
287,0.6581223
288,0.25694972
289,0.2627276
290,0.49384594
291,0.6209792
292,0.22169527
293,0.6581223
294,0.2870179
295,0.616567
296,0.21973887
297,0.55770636
298,0.5671042
299,0.65326
300,0.6191567
301,0.21765551
302,0.65326
303,0.21765551
304,0.21765551
305,0.31205416
306,0.25694972
307,0.3464223
308,0.65326
309,0.2767753
310,0.5663973
311,0.6581223
312,0.25694972
313,0.6532727
314,0.2767753
315,0.6532727
316,0.25694972
317,0.22785331
318,0.22062638
319,0.5637455
320,0.65326
321,0.41507888
322,0.22062638
323,0.22062638
324,0.22169527
325,0.66393083
326,0.25694972
327,0.2767753
328,0.22169527
329,0.57721514
330,0.25694972
331,0.25694972
332,0.32225925
333,0.41507888
334,0.4324091
335,0.65963835
336,0.6164434
337,0.6473885
338,0.6163
339,0.22127986
340,0.6532948
341,0.25747117
342,0.6032264
343,0.5816891
344,0.5636046
345,0.3099885
346,0.23436895
347,0.487386
348,0.44612277
349,0.655019
350,0.655019
351,0.6032264
352,0.39997852
353,0.38285625
354,0.25042847
355,0.65745544
356,0.25747117
357,0.66054094
358,0.64127064
359,0.65605044
360,0.3099885
361,0.47846907
362,0.6574415
363,0.2176432
364,0.6573338
365,0.25747117
366,0.43228322
367,0.38285625
368,0.6032264
369,0.43228322
370,0.6626153
371,0.5636046
372,0.3480222
373,0.25747117
374,0.657
375,0.22562866
376,0.5410837
377,0.6637326
378,0.655019
379,0.655019
380,0.22562866
381,0.22165862
382,0.24402454
383,0.6532417
384,0.23475298
385,0.25747117
386,0.27485272
387,0.655019
388,0.655019
389,0.6618501
390,0.22104941
391,0.22562866
392,0.6359594
393,0.5410837
394,0.61823416
395,0.30719227
396,0.6460247
397,0.3392632
398,0.657
399,0.6460247
400,0.3392632
401,0.56453794
402,0.44582856
403,0.56453794
404,0.6532948
405,0.6460247
406,0.3392632
407,0.487386
408,0.66383684
409,0.25747117
410,0.66383684
411,0.38285625
412,0.6532948
413,0.64127064
414,0.6490476
415,0.66383684
416,0.64127064
417,0.25747117
418,0.6490476
419,0.6625315
420,0.6574415
421,0.25042847
422,0.66383684
423,0.64127064
424,0.30719227
425,0.6625315
426,0.57513815
427,0.6626467
428,0.21837401
429,0.21837401
430,0.44612277
431,0.66383684
432,0.65963304
433,0.21986502
434,0.65963304
435,0.32498527
436,0.32498527
437,0.21986502
438,0.32498527
439,0.65963304
440,0.31753534
441,0.21747556
442,0.65963304
443,0.21982351
444,0.32498527
445,0.66351604
446,0.661836
447,0.66351604
448,0.6635606
449,0.6319537
450,0.5481
451,0.63579094
452,0.41367233
453,0.27126047
454,0.22333857
455,0.57593787
456,0.24130523
457,0.245903
458,0.66409653
459,0.42860323
460,0.29225236
461,0.23775136
462,0.24263197
463,0.27638048
464,0.22692458
465,0.24263197
466,0.6319778
467,0.29225236
468,0.24214841
469,0.5119697
470,0.28905594
471,0.5774004
472,0.27126047
473,0.64710736
474,0.23943047
475,0.2699243
476,0.27126047
477,0.29225236
478,0.64710736
479,0.2699243
480,0.28272253
481,0.2211619
482,0.29225236
483,0.23775136
484,0.28905594
485,0.28905594
486,0.2364662
487,0.23775136
488,0.32591107
489,0.22642638
490,0.21977176
491,0.22962025
492,0.55444515
493,0.27126047
494,0.32591107
495,0.32196683
496,0.27638048
497,0.22886246
498,0.3854522
499,0.58007
500,0.2364662
501,0.28530127
502,0.58007
503,0.5675683
504,0.2695992
505,0.24263197
506,0.2699243
507,0.28530127
508,0.2695992
509,0.2311794
510,0.2699243
511,0.57593787
512,0.32196683
513,0.23775136
514,0.28530127
515,0.2699243
516,0.645888
517,0.4351406
518,0.24214841
519,0.23391967
520,0.24263197
521,0.28530127
522,0.645888
523,0.2695992
524,0.2699243
525,0.27956954
526,0.24130523
527,0.24263197
528,0.24263197
529,0.32196683
530,0.2699243
531,0.5546469
532,0.28530127
533,0.28530127
534,0.42860323
535,0.36807734
536,0.2699243
537,0.21789178
538,0.21789178
539,0.41462815
540,0.48102072
541,0.6037591
542,0.36807734
543,0.3854522
544,0.63579094
545,0.5675683
546,0.33780673
547,0.32196683
548,0.5119697
549,0.21767418
550,0.30687928
551,0.30687928
552,0.642054
553,0.39019623
554,0.27056792
555,0.30687928
556,0.45488742
557,0.6400746
558,0.51949906
559,0.23262393
560,0.23262393
561,0.22168052
562,0.24732539
563,0.23889741
564,0.6639845
565,0.6529902
566,0.24802722
567,0.61336005
568,0.5663973
569,0.5663973
570,0.21765551
571,0.66090095
572,0.5637455
573,0.57721514
574,0.6532727
575,0.60266006
576,0.2627276
577,0.27352834
578,0.38066152
579,0.616567
580,0.36497995
581,0.31205416
582,0.27352834
583,0.27352834
584,0.4324091
585,0.24385783
586,0.36497995
587,0.5001308
588,0.25919813
589,0.25694972
590,0.24385783
591,0.61817944
592,0.6209792
593,0.24802722
594,0.66090095
595,0.64366865
596,0.22169527
597,0.60266006
598,0.66090095
599,0.21778417
600,0.3464223
601,0.22486764
602,0.21765551
603,0.5671042
604,0.3464223
605,0.3464223
606,0.22785331
607,0.22785331
608,0.47829586
609,0.5671042
610,0.5001308
611,0.4762368
612,0.22169527
613,0.22169527
614,0.65107983
615,0.27309716
616,0.21873218
617,0.616567
618,0.6623199
619,0.65492916
620,0.32225925
621,0.65963835
622,0.23475298
623,0.662079
624,0.23475298
625,0.23475298
626,0.6032264
627,0.3480222
628,0.6032264
629,0.61827767
630,0.23475298
631,0.61827767
632,0.61827767
633,0.6359594
634,0.61823416
635,0.6473885
636,0.4053018
637,0.65439993
638,0.2490726
639,0.6319537
640,0.5481
641,0.22027968
642,0.49335265
643,0.65161455
644,0.22027968
645,0.661836
646,0.31306165
647,0.32498527
648,0.32498527
649,0.22027968
650,0.49335265
651,0.6636935
652,0.2490726
653,0.26505107
654,0.661836
655,0.6624091
656,0.23132923
657,0.6630441
658,0.6608676
659,0.5719054
660,0.6447647
661,0.274676
662,0.21763702
663,0.6067158
664,0.6467005
665,0.23115559
666,0.32384387
667,0.6623595
668,0.31720296
669,0.6000217
670,0.6067158
671,0.22907223
672,0.6427922
673,0.30853492
674,0.3390734
675,0.3390734
676,0.6203542
677,0.6593028
678,0.2613724
679,0.4764418
680,0.6000217
681,0.6427922
682,0.21788794
683,0.21788794
684,0.21788794
685,0.66359687
686,0.66019225
687,0.42474356
688,0.42474356
689,0.3390734
690,0.3390734
691,0.21788794
692,0.4764418
693,0.6203542
694,0.35398567
695,0.22739144
696,0.4628591
697,0.6000217
698,0.66359687
699,0.30152977
700,0.58496535
701,0.30152977
702,0.6618401
703,0.21788794
704,0.30853492
705,0.24972636
706,0.6593391
707,0.24097559
708,0.6067158
709,0.66368514
710,0.22086613
711,0.30152977
712,0.56368893
713,0.6553061
714,0.274676
715,0.6427922
716,0.6617456
717,0.56368893
718,0.30740845
719,0.21763702
720,0.6000217
721,0.6368083
722,0.6368083
723,0.30853492
724,0.24972636
725,0.34352612
726,0.24972636
727,0.6000217
728,0.21777126
729,0.61827767
730,0.21777126
731,0.21777126
732,0.25042847
733,0.2176432
734,0.21837401
735,0.6163
736,0.21982351
737,0.52553093
738,0.59247386
739,0.5074309
740,0.60255367
741,0.59247386
742,0.22086613
743,0.6183279
744,0.6635077
745,0.44266343
746,0.39577627
747,0.66019225
748,0.21788794
749,0.5636634
750,0.30853492
751,0.2613724
752,0.6447647
753,0.58496535
754,0.6608676
755,0.6553061
756,0.66019225
757,0.50172126
758,0.2378899
759,0.6000217
760,0.2378899
761,0.4628591
762,0.39577627
763,0.2613724
764,0.6623595
765,0.22115403
766,0.43052933
767,0.6553061
768,0.6000217
769,0.30152977
770,0.28400114
771,0.28400114
772,0.26024377
773,0.22692458
774,0.31028676
775,0.21789178
776,0.32196683
777,0.22642638
778,0.22642638
779,0.22642638
780,0.48102072
781,0.21789178
782,0.22642638
783,0.31028676
784,0.22264877
785,0.2455217
786,0.5675683
787,0.28905594
788,0.2699243
789,0.22642638
790,0.22642638
791,0.22899899
792,0.2699243
793,0.645888
794,0.2699243
795,0.645888
796,0.24516894
797,0.245903
798,0.2699243
799,0.28480396
800,0.22264877
801,0.4161783
802,0.27956954
803,0.42860323
804,0.4161783
805,0.62553954
806,0.23775136
807,0.2364662
808,0.41462815
809,0.32196683
810,0.23775136
811,0.2364662
812,0.2364662
813,0.28480396
814,0.28480396
815,0.2211619
816,0.27126047
817,0.65983653
818,0.66383684
819,0.3480222
820,0.35673746
821,0.6165545
822,0.6574415
823,0.25747117
824,0.25042847
825,0.6032264
826,0.6493453
827,0.30719227
828,0.25747117
829,0.34082374
830,0.34082374
831,0.6538732
832,0.61823416
833,0.29176632
834,0.510952
835,0.29176632
836,0.6618501
837,0.43073225
838,0.43073225
839,0.33320025
840,0.510952
841,0.6618501
842,0.6473885
843,0.23475298
844,0.6164434
845,0.44582856
846,0.27485272
847,0.6463925
848,0.655019
849,0.6032264
850,0.662079
851,0.662079
852,0.6646829
853,0.66322047
854,0.6637326
855,0.6463925
856,0.6032264
857,0.6637326
858,0.6032264
859,0.6032264
860,0.662079
861,0.5674014
862,0.66322047
863,0.6636961
864,0.24462396
865,0.6463925
866,0.6626153
867,0.6359594
868,0.25042847
869,0.5636046
870,0.6626467
871,0.22104941
872,0.22104941
873,0.64127064
874,0.6032264
875,0.65911484
876,0.5674014
877,0.22104941
878,0.21777126
879,0.21777126
880,0.6626467
881,0.21777126
882,0.61827767
883,0.6032264
884,0.43073225
885,0.6612882
886,0.65605044
887,0.61169386
888,0.4053018
889,0.66383684
890,0.22562866
891,0.3099885
892,0.6032264
893,0.66298664
894,0.59247386
895,0.40304768
896,0.40304768
897,0.56742764
898,0.66298664
899,0.59247386
900,0.6617456
901,0.39577627
902,0.66152644
903,0.6597497
904,0.6597497
905,0.6467005
906,0.6427922
907,0.6000217
908,0.6617456
909,0.40635318
910,0.42474356
911,0.30152977
912,0.6000217
913,0.6447647
914,0.30853492
915,0.58496535
916,0.21788794
917,0.4710638
918,0.30740845
919,0.4628591
920,0.22739144
921,0.40635318
922,0.4628591
923,0.24972636
924,0.63480294
925,0.50172126
926,0.30152977
927,0.6617456
928,0.6203542
929,0.4921118
930,0.6168474
931,0.3441842
932,0.4921118
933,0.43165186
934,0.4921118
935,0.6582639
936,0.52677536
937,0.52677536
938,0.66310114
939,0.23760158
940,0.46281314
941,0.3267843
942,0.6293789
943,0.6582639
944,0.5997867
945,0.5997867
946,0.6637273
947,0.5838802
948,0.5997867
949,0.5997867
950,0.62037736
951,0.5997867
952,0.6637666
953,0.64922106
954,0.65446997
955,0.21713333
956,0.65140605
957,0.6557608
958,0.21721573
959,0.34420803
960,0.34420803
961,0.588331
962,0.51035655
963,0.588331
964,0.5480809
965,0.35145903
966,0.2187481
967,0.23356164
968,0.23356164
969,0.45432597
970,0.6517646
971,0.34420803
972,0.21713333
973,0.2187481
974,0.63477194
975,0.23169066
976,0.6590668
977,0.49836555
978,0.61788106
979,0.66180915
980,0.23169066
981,0.588331
982,0.21868658
983,0.59786916
984,0.43539727
985,0.6517646
986,0.270374
987,0.261711
988,0.2952148
989,0.60661584
990,0.25135463
991,0.2170453
992,0.66382325
993,0.607978
994,0.3464223
995,0.61511326
996,0.22169527
997,0.66326964
998,0.66393083
999,0.22169527
1000,0.66368556
1001,0.6209792
1002,0.31535444
1003,0.6532727
1004,0.5900977
1005,0.22486764
1006,0.66368556
1007,0.661772
1008,0.6532727
1009,0.22169527
1010,0.6623199
1011,0.23114938
1012,0.6209792
1013,0.66382325
1014,0.25694972
1015,0.25694972
1016,0.26642624
1017,0.6209792
1018,0.66382325
1019,0.659708
1020,0.6532727
1021,0.6209792
1022,0.6209792
1023,0.3663039
1024,0.66326964
1025,0.6601101
1026,0.66326964
1027,0.66393083
1028,0.27352834
1029,0.66382325
1030,0.24025348
1031,0.6532727
1032,0.6532727
1033,0.61817944
1034,0.6209792
1035,0.2870179
1036,0.66350186
1037,0.22486764
1038,0.43826258
1039,0.616567
1040,0.5637455
1041,0.6601101
1042,0.3663039
1043,0.49384594
1044,0.24025348
1045,0.24385783
1046,0.66350186
1047,0.6191567
1048,0.2767753
1049,0.57721514
1050,0.59762883
1051,0.3464223
1052,0.25919813
1053,0.36497995
1054,0.3464223
1055,0.24385783
1056,0.56304336
1057,0.60266006
1058,0.3663039
1059,0.66368556
1060,0.5637455
1061,0.6579115
1062,0.21765551
1063,0.6191567
1064,0.24385783
1065,0.24802722
1066,0.21778417
1067,0.36497995
1068,0.36497995
1069,0.66326964
1070,0.41507888
1071,0.36497995
1072,0.3464223
1073,0.66350186
1074,0.41412717
1075,0.6359594
1076,0.655019
1077,0.6032264
1078,0.23101923
1079,0.6164434
1080,0.2176432
1081,0.6636961
1082,0.6032264
1083,0.6032264
1084,0.66054094
1085,0.6032264
1086,0.35673746
1087,0.2176432
1088,0.21837401
1089,0.510952
1090,0.6032264
1091,0.3099885
1092,0.2176432
1093,0.25747117
1094,0.21777126
1095,0.25747117
1096,0.5031702
1097,0.2176432
1098,0.5816891
1099,0.6574415
1100,0.25747117
1101,0.25747117
1102,0.23475298
1103,0.33320025
1104,0.6532948
1105,0.39997852
1106,0.61827767
1107,0.26927722
1108,0.5460912
1109,0.6532948
1110,0.33600235
1111,0.44582856
1112,0.65963835
1113,0.29028702
1114,0.21713474
1115,0.6112388
1116,0.5074309
1117,0.661836
1118,0.2490726
1119,0.6112388
1120,0.5074309
1121,0.6635606
1122,0.6244627
1123,0.6427922
1124,0.66019225
1125,0.35398567
1126,0.6427922
1127,0.6623595
1128,0.5636634
1129,0.39577627
1130,0.2378899
1131,0.6000217
1132,0.5520516
1133,0.22086613
1134,0.6523277
1135,0.21788794
1136,0.6523277
1137,0.2378899
1138,0.21788794
1139,0.6368083
1140,0.6368083
1141,0.274676
1142,0.5975419
1143,0.2378899
1144,0.5555172
1145,0.5555172
1146,0.21767418
1147,0.21767418
1148,0.5555172
1149,0.21767418
1150,0.21767418
1151,0.25408763
1152,0.5555172
1153,0.24133468
1154,0.21767418
1155,0.21780363
1156,0.21767418
1157,0.21767418
1158,0.21767418
1159,0.21767418
1160,0.29536527
1161,0.24516894
1162,0.36807734
1163,0.21767418
1164,0.24214841
1165,0.24214841
1166,0.28905594
1167,0.5675683
1168,0.22333857
1169,0.27126047
1170,0.22642638
1171,0.66409653
1172,0.23167646
1173,0.24133468
1174,0.22962025
1175,0.21977176
1176,0.28551456
1177,0.23167646
1178,0.32196683
1179,0.32196683
1180,0.23167646
1181,0.22068316
1182,0.22899899
1183,0.22899899
1184,0.23167646
1185,0.23167646
1186,0.66393083
1187,0.65326
1188,0.22169527
1189,0.65107983
1190,0.22169527
1191,0.41507888
1192,0.6209792
1193,0.6581223
1194,0.21778417
1195,0.3663039
1196,0.41507888
1197,0.21778417
1198,0.22169527
1199,0.24972266
1200,0.66090095
1201,0.6191567
1202,0.31205416
1203,0.24610262
1204,0.26642624
1205,0.616567
1206,0.24385783
1207,0.22062638
1208,0.6209792
1209,0.66443217
1210,0.65326
1211,0.26642624
1212,0.49150506
1213,0.5637455
1214,0.6209792
1215,0.6581223
1216,0.5726212
1217,0.38066152
1218,0.5637455
1219,0.64707005
1220,0.4334068
1221,0.24972266
1222,0.661772
1223,0.6601101
1224,0.66443217
1225,0.25694972
1226,0.25694972
1227,0.65326
1228,0.49384594
1229,0.21775317
1230,0.5900977
1231,0.25694972
1232,0.4324091
1233,0.4324091
1234,0.2767753
1235,0.21841513
1236,0.22169527
1237,0.6209792
1238,0.49384594
1239,0.21775317
1240,0.66393083
1241,0.21873218
1242,0.5295072
1243,0.36497995
1244,0.65778244
1245,0.21841513
1246,0.661772
1247,0.60266006
1248,0.6601101
1249,0.25694972
1250,0.3464223
1251,0.22486764
1252,0.5637455
1253,0.2870179
1254,0.49384594
1255,0.25694972
1256,0.5295072
1257,0.2767753
1258,0.65778244
1259,0.6209792
1260,0.24385783
1261,0.47829586
1262,0.22486764
1263,0.66383684
1264,0.6032264
1265,0.65605044
1266,0.25042847
1267,0.2176432
1268,0.61827767
1269,0.487386
1270,0.6612882
1271,0.25747117
1272,0.52979136
1273,0.65605044
1274,0.6574415
1275,0.5816891
1276,0.21788794
1277,0.43052933
1278,0.66019225
1279,0.66359687
1280,0.6000217
1281,0.6000217
1282,0.2613724
1283,0.3390734
1284,0.6467005
1285,0.46218503
1286,0.6427922
1287,0.24972636
1288,0.66390085
1289,0.21775317
1290,0.25694972
1291,0.6209792
1292,0.6209792
1293,0.6209792
1294,0.24385783
1295,0.25694972
1296,0.5671042
1297,0.66390085
1298,0.66393083
1299,0.2870179
1300,0.43826258
1301,0.2870179
1302,0.5663973
1303,0.47829586
1304,0.22870295
1305,0.6338875
1306,0.2627276
1307,0.65492916
1308,0.25694972
1309,0.2870179
1310,0.2870179
1311,0.6209792
1312,0.24610262
1313,0.6630546
1314,0.6467005
1315,0.34352612
1316,0.39577627
1317,0.22517513
1318,0.22642638
1319,0.5555172
1320,0.22642638
1321,0.24516894
1322,0.22642638
1323,0.32196683
1324,0.28905594
1325,0.22962025
1326,0.5555172
1327,0.27956954
1328,0.23167646
1329,0.48102072
1330,0.4161783
1331,0.645888
1332,0.23167646
1333,0.593756
1334,0.27638048
1335,0.5555172
1336,0.31028676
1337,0.5555172
1338,0.2455217
1339,0.22962025
1340,0.5555172
1341,0.23943047
1342,0.21767418
1343,0.49656105
1344,0.28530127
1345,0.32196683
1346,0.5675683
1347,0.42860323
1348,0.33780673
1349,0.2221918
1350,0.5555172
1351,0.24516894
1352,0.26024377
1353,0.2699243
1354,0.645888
1355,0.65347946
1356,0.32196683
1357,0.21767418
1358,0.48102072
1359,0.2364662
1360,0.645888
1361,0.5947982
1362,0.23672707
1363,0.5546469
1364,0.33780673
1365,0.48102072
1366,0.27956954
1367,0.42860323
1368,0.32196683
1369,0.42860323
1370,0.5947982
1371,0.5555172
1372,0.22282812
1373,0.63579094
1374,0.41367233
1375,0.21777244
1376,0.22642638
1377,0.32196683
1378,0.56111753
1379,0.22886246
1380,0.28530127
1381,0.45581543
1382,0.28905594
1383,0.21767418
1384,0.29197678
1385,0.32196683
1386,0.21767418
1387,0.29225236
1388,0.28530127
1389,0.21789178
1390,0.21767418
1391,0.41367233
1392,0.48102072
1393,0.21767418
1394,0.24214841
1395,0.32196683
1396,0.22962025
1397,0.5947982
1398,0.32196683
1399,0.6601101
1400,0.65921485
1401,0.65921485
1402,0.5671042
1403,0.55770636
1404,0.21778417
1405,0.6601101
1406,0.5671042
1407,0.24025348
1408,0.21765551
1409,0.54060775
1410,0.66326964
1411,0.6191567
1412,0.31205416
1413,0.25694972
1414,0.6529902
1415,0.5637455
1416,0.6209792
1417,0.60266006
1418,0.6237886
1419,0.26642624
1420,0.36497995
1421,0.6529902
1422,0.6209792
1423,0.5900977
1424,0.22062638
1425,0.21778417
1426,0.41507888
1427,0.65778244
1428,0.21778417
1429,0.21778417
1430,0.21778417
1431,0.21765551
1432,0.6494633
1433,0.66382325
1434,0.66368556
1435,0.6209792
1436,0.659708
1437,0.6209792
1438,0.61511326
1439,0.22785331
1440,0.6529902
1441,0.6209792
1442,0.6532727
1443,0.661772
1444,0.6623199
1445,0.66326964
1446,0.65326
1447,0.6581223
1448,0.66326964
1449,0.6209792
1450,0.6494633
1451,0.6599998
1452,0.6623199
1453,0.6532727
1454,0.4324091
1455,0.66350186
1456,0.57721514
1457,0.2767753
1458,0.4324091
1459,0.4324091
1460,0.4324091
1461,0.57721514
1462,0.6209792
1463,0.5663973
1464,0.3663039
1465,0.23114938
1466,0.4324091
1467,0.66350186
1468,0.54060775
1469,0.24972266
1470,0.4324091
1471,0.66382325
1472,0.57721514
1473,0.27352834
1474,0.6581223
1475,0.41507888
1476,0.27352834
1477,0.23913614
1478,0.5900977
1479,0.661772
1480,0.6532727
1481,0.61817944
1482,0.66388977
1483,0.22169527
1484,0.22169527
1485,0.56304336
1486,0.56304336
1487,0.6425514
1488,0.21778417
1489,0.5637455
1490,0.56304336
1491,0.65492916
1492,0.21873218
1493,0.24385783
1494,0.6623199
1495,0.6581223
1496,0.65704846
1497,0.65902346
1498,0.6594955
1499,0.63908815
1500,0.6101343
1501,0.64700353
1502,0.6101343
1503,0.6101343
1504,0.65902346
1505,0.61823416
1506,0.6460247
1507,0.25747117
1508,0.657
1509,0.61169386
1510,0.6032264
1511,0.6532948
1512,0.6032264
1513,0.22127986
1514,0.56642485
1515,0.23475298
1516,0.6532948
1517,0.25042847
1518,0.6463925
1519,0.25042847
1520,0.23475298
1521,0.29028702
1522,0.21777126
1523,0.5460912
1524,0.6032264
1525,0.21777126
1526,0.6626467
1527,0.2613724
1528,0.24972636
1529,0.2378899
1530,0.52750075
1531,0.38596326
1532,0.52750075
1533,0.21763702
1534,0.5763389
1535,0.24972636
1536,0.31720296
1537,0.30853492
1538,0.6635077
1539,0.6635077
1540,0.4764418
1541,0.2613724
1542,0.5636634
1543,0.6000217
1544,0.30853492
1545,0.6596986
1546,0.2613724
1547,0.2613724
1548,0.6000217
1549,0.6523277
1550,0.46218503
1551,0.46218503
1552,0.2613724
1553,0.6635077
1554,0.6623595
1555,0.6000217
1556,0.6593028
1557,0.22907223
1558,0.62068653
1559,0.6000217
1560,0.5850897
1561,0.6000217
1562,0.6067158
1563,0.6623595
1564,0.23672707
1565,0.45581543
1566,0.56111753
1567,0.21767418
1568,0.32196683
1569,0.28480396
1570,0.24214841
1571,0.645888
1572,0.24194121
1573,0.2699243
1574,0.2699243
1575,0.22642638
1576,0.24263197
1577,0.5675683
1578,0.24516894
1579,0.24194121
1580,0.28480396
1581,0.21972908
1582,0.21972908
1583,0.42860323
1584,0.2463093
1585,0.5947982
1586,0.21767418
1587,0.31028676
1588,0.24133468
1589,0.31028676
1590,0.22642638
1591,0.23167646
1592,0.2276938
1593,0.24133468
1594,0.3854522
1595,0.3854522
1596,0.5119697
1597,0.48102072
1598,0.23557736
1599,0.27126047
1600,0.21767418
1601,0.24263197
1602,0.21780363
1603,0.41462815
1604,0.32196683
1605,0.27126047
1606,0.22333857
1607,0.22954622
1608,0.41462815
1609,0.26024377
1610,0.28530127
1611,0.28530127
1612,0.22642638
1613,0.41367233
1614,0.45581543
1615,0.23775136
1616,0.32591107
1617,0.2364662
1618,0.64710736
1619,0.58007
1620,0.32196683
1621,0.32591107
1622,0.26024377
1623,0.26024377
1624,0.26024377
1625,0.22642638
1626,0.32196683
1627,0.64761996
1628,0.2699243
1629,0.32196683
1630,0.645888
1631,0.23707105
1632,0.2463791
1633,0.22145674
1634,0.30687928
1635,0.28303647
1636,0.28279942
1637,0.23262393
1638,0.28303647
1639,0.28303647
1640,0.2463791
1641,0.39296597
1642,0.533306
1643,0.60411525
1644,0.6604408
1645,0.6550714
1646,0.608399
1647,0.6615089
1648,0.6615089
1649,0.655957
1650,0.6285342
1651,0.2170453
1652,0.5099065
1653,0.6138056
1654,0.2170453
1655,0.6632473
1656,0.6517646
1657,0.261711
1658,0.43539727
1659,0.21868658
1660,0.23356164
1661,0.24466105
1662,0.5480809
1663,0.21868658
1664,0.24017645
1665,0.261711
1666,0.57144403
1667,0.5979036
1668,0.21721573
1669,0.22431546
1670,0.37828097
1671,0.24466105
1672,0.21721573
1673,0.37828097
1674,0.23906192
1675,0.23906192
1676,0.21721573
1677,0.6572509
1678,0.35145903
1679,0.6590668
1680,0.23906192
1681,0.6645708
1682,0.25135463
1683,0.61788106
1684,0.23356164
1685,0.24017645
1686,0.24017645
1687,0.6645708
1688,0.32366678
1689,0.23356164
1690,0.35145903
1691,0.6491277
1692,0.45432597
1693,0.61788106
1694,0.60908806
1695,0.22576362
1696,0.6226324
1697,0.588331
1698,0.6590668
1699,0.61336005
1700,0.6425514
1701,0.21778417
1702,0.21765551
1703,0.21778417
1704,0.21778417
1705,0.3663039
1706,0.49150506
1707,0.59762883
1708,0.21765551
1709,0.21778417
1710,0.21778417
1711,0.59762883
1712,0.5674014
1713,0.6626153
1714,0.22104941
1715,0.6032264
1716,0.6612882
1717,0.6637326
1718,0.655019
1719,0.23436895
1720,0.28638977
1721,0.655019
1722,0.25747117
1723,0.25747117
1724,0.22104941
1725,0.662079
1726,0.6032264
1727,0.6032264
1728,0.6032264
1729,0.6032264
1730,0.5816891
1731,0.6032264
1732,0.65911484
1733,0.6626467
1734,0.65605044
1735,0.23436895
1736,0.65911484
1737,0.29028702
1738,0.52979136
1739,0.6460247
1740,0.6636245
1741,0.65605044
1742,0.6626467
1743,0.43228322
1744,0.6359594
1745,0.35673746
1746,0.5460912
1747,0.6403384
1748,0.25042847
1749,0.6636245
1750,0.27485272
1751,0.64127064
1752,0.5410837
1753,0.5816891
1754,0.5816891
1755,0.65605044
1756,0.3480222
1757,0.6490476
1758,0.50172126
1759,0.21788794
1760,0.22086613
1761,0.21788794
1762,0.6067158
1763,0.6067158
1764,0.40109956
1765,0.21788794
1766,0.6067158
1767,0.2378899
1768,0.4628591
1769,0.21788794
1770,0.21788794
1771,0.2583178
1772,0.28400114
1773,0.2378899
1774,0.6565746
1775,0.24099682
1776,0.6565746
1777,0.30853492
1778,0.2613724
1779,0.6000217
1780,0.6000217
1781,0.62639976
1782,0.46218503
1783,0.6617456
1784,0.6000217
1785,0.52750075
1786,0.6523277
1787,0.34352612
1788,0.22412494
1789,0.24972636
1790,0.6000217
1791,0.6368083
1792,0.6000217
1793,0.6630441
1794,0.22086613
1795,0.6467005
1796,0.4628591
1797,0.6635077
1798,0.6203542
1799,0.21763702
1800,0.27415997
1801,0.6447647
1802,0.6553061
1803,0.3390734
1804,0.22115403
1805,0.30853492
1806,0.21780363
1807,0.23594998
1808,0.22264877
1809,0.593756
1810,0.5119697
1811,0.32033017
1812,0.2455217
1813,0.41367233
1814,0.32591107
1815,0.22642638
1816,0.5675683
1817,0.60778266
1818,0.2699243
1819,0.64710736
1820,0.2699243
1821,0.21780363
1822,0.5555172
1823,0.48102072
1824,0.60778266
1825,0.28551456
1826,0.22642638
1827,0.4351406
1828,0.48102072
1829,0.22886246
1830,0.21780363
1831,0.31028676
1832,0.22068316
1833,0.21780363
1834,0.41367233
1835,0.54314435
1836,0.23167646
1837,0.21780363
1838,0.41367233
1839,0.28905594
1840,0.22642638
1841,0.22517513
1842,0.58007
1843,0.24133468
1844,0.32196683
1845,0.2211619
1846,0.63579094
1847,0.22642638
1848,0.4161783
1849,0.2311794
1850,0.23167646
1851,0.22692458
1852,0.63579094
1853,0.58007
1854,0.22068316
1855,0.28905594
1856,0.28530127
1857,0.32196683
1858,0.32196683
1859,0.41367233
1860,0.38931078
1861,0.2289297
1862,0.5329354
1863,0.2289297
1864,0.23294409
1865,0.23262393
1866,0.22168052
1867,0.32056153
1868,0.65778244
1869,0.54060775
1870,0.22785331
1871,0.21873218
1872,0.24025348
1873,0.5637455
1874,0.65921485
1875,0.616567
1876,0.2627276
1877,0.24610262
1878,0.5637455
1879,0.24972266
1880,0.4324091
1881,0.4324091
1882,0.6191567
1883,0.6209792
1884,0.21765551
1885,0.49384594
1886,0.24610262
1887,0.6209792
1888,0.21765551
1889,0.66350186
1890,0.5726212
1891,0.25694972
1892,0.24610262
1893,0.24610262
1894,0.25694972
1895,0.2767753
1896,0.25694972
1897,0.6209792
1898,0.40516955
1899,0.6638046
1900,0.6638046
1901,0.5915469
1902,0.40516955
1903,0.21714672
1904,0.23898259
1905,0.65704846
1906,0.6140059
1907,0.6638046
1908,0.6140059
1909,0.6140059
1910,0.21868658
1911,0.40516955
1912,0.6515776
1913,0.6140059
1914,0.56642485
1915,0.61827767
1916,0.6538732
1917,0.23101923
1918,0.22562866
1919,0.6164434
1920,0.22562866
1921,0.22562866
1922,0.66054094
1923,0.662079
1924,0.662079
1925,0.655019
1926,0.6637326
1927,0.3392632
1928,0.655019
1929,0.65605044
1930,0.33320025
1931,0.23436895
1932,0.487386
1933,0.5636046
1934,0.35673746
1935,0.65605044
1936,0.5042096
1937,0.65605044
1938,0.27485272
1939,0.5460912
1940,0.25747117
1941,0.6460247
1942,0.5042096
1943,0.5031702
1944,0.662079
1945,0.25747117
1946,0.6463925
1947,0.655019
1948,0.655019
1949,0.56453794
1950,0.25747117
1951,0.61827767
1952,0.61827767
1953,0.6636961
1954,0.6626467
1955,0.6490476
1956,0.6636245
1957,0.26927722
1958,0.27485272
1959,0.61823416
1960,0.52979136
1961,0.26927722
1962,0.6463925
1963,0.2176432
1964,0.66383684
1965,0.34721696
1966,0.6636961
1967,0.6538732
1968,0.66383684
1969,0.5816891
1970,0.6636961
1971,0.25747117
1972,0.641855
1973,0.25747117
1974,0.6164434
1975,0.6597497
1976,0.5782058
1977,0.5636634
1978,0.31720296
1979,0.22739144
1980,0.22412494
1981,0.6608676
1982,0.2613724
1983,0.2613724
1984,0.30152977
1985,0.5850897
1986,0.21763702
1987,0.22907223
1988,0.6623595
1989,0.2378899
1990,0.6183279
1991,0.21765551
1992,0.6637273
1993,0.5938918
1994,0.21765551
1995,0.23760158
1996,0.6226324
1997,0.23356164
1998,0.6633563
1999,0.23906192
2000,0.25135463
2001,0.23356164
2002,0.588331
2003,0.23356164
2004,0.58230597
2005,0.61817944
2006,0.21775317
2007,0.21765551
2008,0.65107983
2009,0.21778417
2010,0.21775317
2011,0.21765551
2012,0.6647228
2013,0.21775317
2014,0.31535444
2015,0.5900977
2016,0.6209792
2017,0.61511326
2018,0.65778244
2019,0.6209792
2020,0.49150506
2021,0.21775317
2022,0.661772
2023,0.24802722
2024,0.2882279
2025,0.61511326
2026,0.6209792
2027,0.6425514
2028,0.6558697
2029,0.21765551
2030,0.25694972
2031,0.6209792
2032,0.5637455
2033,0.57721514
2034,0.21778417
2035,0.27352834
2036,0.24972266
2037,0.21778417
2038,0.24802722
2039,0.21765551
2040,0.43826258
2041,0.3464223
2042,0.21775317
2043,0.661493
2044,0.21778417
2045,0.61638975
2046,0.6209792
2047,0.6599998
2048,0.21775317
2049,0.6623199
2050,0.65921485
2051,0.21778417
2052,0.22169527
2053,0.25694972
2054,0.2882279
2055,0.61638975
2056,0.24385783
2057,0.3464223
2058,0.22169527
2059,0.6623199
2060,0.21775317
2061,0.21775317
2062,0.27296415
2063,0.27296415
2064,0.24025959
2065,0.65842736
2066,0.65902346
2067,0.65902346
2068,0.27296415
2069,0.2256198
2070,0.5493909
2071,0.65937984
2072,0.2170453
2073,0.2170453
2074,0.6101343
2075,0.32360125
2076,0.23898259
2077,0.44968265
2078,0.5620471
2079,0.30426747
2080,0.6638046
2081,0.35460255
2082,0.32360125
2083,0.23898259
2084,0.30426747
2085,0.30426747
2086,0.38971877
2087,0.6638046
2088,0.35460255
2089,0.6071746
2090,0.4682341
2091,0.6140059
2092,0.22033349
2093,0.6628728
2094,0.6101343
2095,0.22033349
2096,0.24864353
2097,0.27296415
2098,0.27296415
2099,0.25747117
2100,0.25747117
2101,0.2176432
2102,0.24402454
2103,0.6032264
2104,0.22104941
2105,0.6626467
2106,0.25747117
2107,0.25747117
2108,0.66383684
2109,0.25747117
2110,0.26927722
2111,0.61827767
2112,0.52979136
2113,0.38285625
2114,0.25747117
2115,0.662079
2116,0.43073225
2117,0.22104941
2118,0.26927722
2119,0.61827767
2120,0.38596326
2121,0.30740845
2122,0.6000217
2123,0.23115559
2124,0.66139066
2125,0.52750075
2126,0.6067158
2127,0.40109956
2128,0.4710638
2129,0.6617456
2130,0.30853492
2131,0.2613724
2132,0.2613724
2133,0.6000217
2134,0.2613724
2135,0.43052933
2136,0.6000217
2137,0.6000217
2138,0.2613724
2139,0.5850897
2140,0.5415568
2141,0.5975419
2142,0.24251717
2143,0.21780363
2144,0.21767418
2145,0.22642638
2146,0.5947982
2147,0.21780363
2148,0.593756
2149,0.21780363
2150,0.21780363
2151,0.22642638
2152,0.21780363
2153,0.21777244
2154,0.54314435
2155,0.28905594
2156,0.645888
2157,0.31028676
2158,0.21780363
2159,0.22642638
2160,0.54314435
2161,0.45581543
2162,0.2311794
2163,0.63129264
2164,0.22642638
2165,0.41367233
2166,0.21777244
2167,0.22642638
2168,0.24130523
2169,0.2699243
2170,0.21977176
2171,0.28480396
2172,0.42860323
2173,0.2455217
2174,0.23775136
2175,0.22642638
2176,0.5119697
2177,0.22642638
2178,0.64710736
2179,0.22962025
2180,0.32196683
2181,0.24130523
2182,0.23391967
2183,0.25824413
2184,0.2699243
2185,0.23775136
2186,0.2699243
2187,0.27638048
2188,0.2455217
2189,0.5555172
2190,0.23391967
2191,0.22899899
2192,0.22962025
2193,0.21977176
2194,0.23775136
2195,0.28480396
2196,0.24263197
2197,0.22642638
2198,0.2311794
2199,0.5947982
2200,0.32196683
2201,0.28263408
2202,0.22642638
2203,0.41367233
2204,0.26024377
2205,0.22886246
2206,0.2463093
2207,0.24516894
2208,0.24130523
2209,0.29536527
2210,0.2177866
2211,0.29197678
2212,0.2177866
2213,0.21780363
2214,0.21780363
2215,0.23167646
2216,0.23775136
2217,0.21767418
2218,0.2699243
2219,0.5546469
2220,0.21780363
2221,0.22642638
2222,0.23167646
2223,0.57593787
2224,0.23557736
2225,0.31028676
2226,0.41367233
2227,0.24263197
2228,0.29536527
2229,0.23672707
2230,0.31028676
2231,0.24214841
2232,0.42860323
2233,0.28905594
2234,0.28272253
2235,0.28905594
2236,0.5555172
2237,0.32591107
2238,0.23672707
2239,0.41367233
2240,0.22962025
2241,0.42860323
2242,0.24214841
2243,0.27126047
2244,0.29225236
2245,0.28530127
2246,0.5947982
2247,0.54314435
2248,0.6319778
2249,0.27126047
2250,0.6319778
2251,0.23672707
2252,0.31028676
2253,0.24516894
2254,0.23775136
2255,0.64710736
2256,0.41462815
2257,0.2221918
2258,0.2221918
2259,0.42860323
2260,0.63579094
2261,0.63579094
2262,0.5555172
2263,0.56111753
2264,0.24516894
2265,0.32196683
2266,0.49656105
2267,0.33780673
2268,0.64710736
2269,0.60778266
2270,0.23943047
2271,0.22692458
2272,0.22962025
2273,0.49656105
2274,0.32196683
2275,0.41462815
2276,0.63579094
2277,0.22692458
2278,0.5546469
2279,0.32196683
2280,0.5947982
2281,0.29197678
2282,0.35449958
2283,0.6037591
2284,0.60778266
2285,0.2695992
2286,0.2211619
2287,0.36807734
2288,0.28530127
2289,0.21767418
2290,0.2695992
2291,0.2699243
2292,0.24133468
2293,0.5675683
2294,0.22068316
2295,0.23943047
2296,0.28530127
2297,0.645888
2298,0.23943047
2299,0.24133468
2300,0.22642638
2301,0.32196683
2302,0.33780673
2303,0.22068316
2304,0.577166
2305,0.5675683
2306,0.2364662
2307,0.4351406
2308,0.21972908
2309,0.64776903
2310,0.41367233
2311,0.41367233
2312,0.64776903
2313,0.23775136
2314,0.24263197
2315,0.22962025
2316,0.21972908
2317,0.56081843
2318,0.21706262
2319,0.23262393
2320,0.23820004
2321,0.6400746
2322,0.39296597
2323,0.45488742
2324,0.39296597
2325,0.6400746
2326,0.30687928
2327,0.30687928
2328,0.22891863
2329,0.30687928
2330,0.28303647
2331,0.26254874
2332,0.23262393
2333,0.2849375
2334,0.40324917
2335,0.23820004
2336,0.26353177
2337,0.22145674
2338,0.3638613
2339,0.25074235
2340,0.27305254
2341,0.6637273
2342,0.6637666
2343,0.56533813
2344,0.5998105
2345,0.6637666
2346,0.24594578
2347,0.5997867
2348,0.608399
2349,0.3694822
2350,0.21765551
2351,0.6621566
2352,0.63904345
2353,0.6628536
2354,0.21765551
2355,0.624249
2356,0.6621566
2357,0.21765551
2358,0.5998105
2359,0.5998105
2360,0.5068331
2361,0.5998105
2362,0.23356164
2363,0.4682341
2364,0.6071746
2365,0.30426747
2366,0.65671307
2367,0.6620632
2368,0.6071746
2369,0.24864353
2370,0.6636907
2371,0.5915469
2372,0.6071746
2373,0.21763772
2374,0.24864353
2375,0.38971877
2376,0.4682341
2377,0.30426747
2378,0.4682341
2379,0.24864353
2380,0.65671307
2381,0.24025959
2382,0.24864353
2383,0.23898259
2384,0.38971877
2385,0.21837401
2386,0.61827767
2387,0.38285625
2388,0.21777126
2389,0.6626153
2390,0.21777126
2391,0.44582856
2392,0.6490476
2393,0.5816891
2394,0.61823416
2395,0.52979136
2396,0.61169386
2397,0.5674014
2398,0.55323935
2399,0.5410837
2400,0.6538732
2401,0.6532948
2402,0.6032264
2403,0.21777126
2404,0.6403384
2405,0.25042847
2406,0.30719227
2407,0.22562866
2408,0.22165862
2409,0.43073225
2410,0.24402454
2411,0.487386
2412,0.22562866
2413,0.43228322
2414,0.23475298
2415,0.34082374
2416,0.25747117
2417,0.22562866
2418,0.5031702
2419,0.5031702
2420,0.2176432
2421,0.23436895
2422,0.5816891
2423,0.65605044
2424,0.6091925
2425,0.6562495
2426,0.40304768
2427,0.40304768
2428,0.40304768
2429,0.40304768
2430,0.661836
2431,0.6556922
2432,0.40304768
2433,0.40304768
2434,0.2490726
2435,0.6556922
2436,0.59247386
2437,0.3568828
2438,0.60828763
2439,0.3568828
2440,0.21713474
2441,0.3568828
2442,0.6091925
2443,0.66153336
2444,0.66153336
2445,0.4185139
2446,0.2490726
2447,0.23132923
2448,0.21982351
2449,0.5505485
2450,0.56742764
2451,0.30152977
2452,0.23115559
2453,0.22115403
2454,0.23115559
2455,0.6000217
2456,0.5850897
2457,0.6630441
2458,0.6630441
2459,0.30740845
2460,0.6597497
2461,0.30740845
2462,0.21788794
2463,0.274676
2464,0.6000217
2465,0.21788794
2466,0.21763702
2467,0.6523277
2468,0.3390734
2469,0.56368893
2470,0.21788794
2471,0.21763702
2472,0.22115403
2473,0.30853492
2474,0.6630441
2475,0.6597497
2476,0.6597497
2477,0.56368893
2478,0.6368083
2479,0.3390734
2480,0.66359687
2481,0.39577627
2482,0.5520516
2483,0.2378899
2484,0.21765551
2485,0.49150506
2486,0.21765551
2487,0.60266006
2488,0.22169527
2489,0.21778417
2490,0.65704846
2491,0.23898259
2492,0.27296415
2493,0.611065
2494,0.6523694
2495,0.5915469
2496,0.23898259
2497,0.65704846
2498,0.6140059
2499,0.65704846
2500,0.65704846
2501,0.23898259
2502,0.657
2503,0.44612277
2504,0.6637326
2505,0.21820894
2506,0.44582856
2507,0.657
2508,0.22104941
2509,0.3480222
2510,0.657
2511,0.6463925
2512,0.52979136
2513,0.6618501
2514,0.657
2515,0.21820894
2516,0.52979136
2517,0.25147453
2518,0.2455217
2519,0.21777244
2520,0.21780363
2521,0.41367233
2522,0.24263197
2523,0.4161783
2524,0.22692458
2525,0.24133468
2526,0.23167646
2527,0.41462815
2528,0.5675683
2529,0.32196683
2530,0.22068316
2531,0.28480396
2532,0.24133468
2533,0.5119697
2534,0.64710736
2535,0.23167646
2536,0.28263408
2537,0.2463093
2538,0.66409653
2539,0.2276938
2540,0.22068316
2541,0.2364662
2542,0.21972908
2543,0.21977176
2544,0.28263408
2545,0.5947982
2546,0.5675683
2547,0.29225236
2548,0.48102072
2549,0.24516894
2550,0.63579094
2551,0.32196683
2552,0.32196683
2553,0.27126047
2554,0.645888
2555,0.27956954
2556,0.22068316
2557,0.645888
2558,0.41367233
2559,0.32033017
2560,0.28263408
2561,0.45003906
2562,0.5555172
2563,0.5555172
2564,0.32196683
2565,0.59892267
2566,0.42860323
2567,0.32196683
2568,0.5555172
2569,0.32196683
2570,0.28905594
2571,0.56111753
2572,0.2455217
2573,0.5546469
2574,0.23594998
2575,0.5555172
2576,0.22068316
2577,0.2699243
2578,0.28905594
2579,0.33780673
2580,0.49656105
2581,0.64761996
2582,0.32033017
2583,0.29225236
2584,0.42860323
2585,0.63129264
2586,0.5675683
2587,0.645888
2588,0.645888
2589,0.31028676
2590,0.64710736
2591,0.31028676
2592,0.63579094
2593,0.22962025
2594,0.48102072
2595,0.32196683
2596,0.64710736
2597,0.54314435
2598,0.21767418
2599,0.54314435
2600,0.28480396
2601,0.28530127
2602,0.21767418
2603,0.21767418
2604,0.21767418
2605,0.51949906
2606,0.61461973
2607,0.6209792
2608,0.65107983
2609,0.25694972
2610,0.25694972
2611,0.64707005
2612,0.49384594
2613,0.49384594
2614,0.57721514
2615,0.21778417
2616,0.21778417
2617,0.49384594
2618,0.49384594
2619,0.21973887
2620,0.3663039
2621,0.6338875
2622,0.25694972
2623,0.65847874
2624,0.21778417
2625,0.22486764
2626,0.21973887
2627,0.49384594
2628,0.6623199
2629,0.3663039
2630,0.3663039
2631,0.21778417
2632,0.24385783
2633,0.49384594
2634,0.21778417
2635,0.6644305
2636,0.23436895
2637,0.34082374
2638,0.52979136
2639,0.66322047
2640,0.52979136
2641,0.6359594
2642,0.38285625
2643,0.5637455
2644,0.21775317
2645,0.24802722
2646,0.21778417
2647,0.24025348
2648,0.5663973
2649,0.659708
2650,0.25694972
2651,0.65326
2652,0.6629963
2653,0.6629963
2654,0.24802722
2655,0.3663039
2656,0.3663039
2657,0.22870295
2658,0.38066152
2659,0.25694972
2660,0.24385783
2661,0.661772
2662,0.22169527
2663,0.36497995
2664,0.66368556
2665,0.26642624
2666,0.31205416
2667,0.4762368
2668,0.24385783
2669,0.59762883
2670,0.65778244
2671,0.65778244
2672,0.21765551
2673,0.3464223
2674,0.59762883
2675,0.59762883
2676,0.3464223
2677,0.6579115
2678,0.66090095
2679,0.65778244
2680,0.39997852
2681,0.487386
2682,0.39997852
2683,0.39997852
2684,0.39997852
2685,0.44582856
2686,0.44612277
2687,0.66067195
2688,0.6032264
2689,0.44582856
2690,0.39997852
2691,0.33320025
2692,0.38285625
2693,0.21820894
2694,0.21777126
2695,0.6032264
2696,0.6032264
2697,0.5410837
2698,0.6637326
2699,0.655019
2700,0.38285625
2701,0.5410837
2702,0.44612277
2703,0.44582856
2704,0.6612882
2705,0.30719227
2706,0.44582856
2707,0.66383684
2708,0.61823416
2709,0.6612882
2710,0.30719227
2711,0.29176632
2712,0.25042847
2713,0.6637326
2714,0.61823416
2715,0.3480222
2716,0.6612882
2717,0.21837401
2718,0.25747117
2719,0.6612882
2720,0.27485272
2721,0.6032264
2722,0.29176632
2723,0.6427922
2724,0.3390734
2725,0.6593391
2726,0.21763702
2727,0.50172126
2728,0.6067158
2729,0.2613724
2730,0.6484586
2731,0.5636634
2732,0.5782058
2733,0.4628591
2734,0.6447647
2735,0.24097559
2736,0.24097559
2737,0.274676
2738,0.2378899
2739,0.24097559
2740,0.23093481
2741,0.22456834
2742,0.38931078
2743,0.27056792
2744,0.4867012
2745,0.39019623
2746,0.23262393
2747,0.27056792
2748,0.23093481
2749,0.23400739
2750,0.5997867
2751,0.6516713
2752,0.616112
2753,0.26038876
2754,0.34635416
2755,0.21765551
2756,0.6619719
2757,0.23760158
2758,0.26038876
2759,0.22033349
2760,0.5620471
2761,0.22033349
2762,0.6140059
2763,0.38744363
2764,0.5620471
2765,0.5503924
2766,0.6537887
2767,0.6614791
2768,0.5503924
2769,0.5503924
2770,0.5503924
2771,0.5503924
2772,0.6636907
2773,0.5503924
2774,0.24864353
2775,0.6515776
2776,0.25328973
2777,0.6638046
2778,0.40516955
2779,0.6644305
2780,0.6032264
2781,0.65745544
2782,0.6032264
2783,0.6637326
2784,0.663306
2785,0.3480222
2786,0.3480222
2787,0.2176432
2788,0.33320025
2789,0.6532948
2790,0.6637326
2791,0.30719227
2792,0.61169386
2793,0.66383684
2794,0.22562866
2795,0.6032264
2796,0.66358
2797,0.6624091
2798,0.6319537
2799,0.24367534
2800,0.23753865
2801,0.23753865
2802,0.22342643
2803,0.23753865
2804,0.6635077
2805,0.2613724
2806,0.6183279
2807,0.24972636
2808,0.5636634
2809,0.46218503
2810,0.22907223
2811,0.2182078
2812,0.50172126
2813,0.46218503
2814,0.35398567
2815,0.6067158
2816,0.21763702
2817,0.6593028
2818,0.6597497
2819,0.21788794
2820,0.6630441
2821,0.6183279
2822,0.6183279
2823,0.6067158
2824,0.2463093
2825,0.2311794
2826,0.27638048
2827,0.24516894
2828,0.5947982
2829,0.21977176
2830,0.5947982
2831,0.28551456
2832,0.64761996
2833,0.48102072
2834,0.24516894
2835,0.22068316
2836,0.24516894
2837,0.22954622
2838,0.21767418
2839,0.22264877
2840,0.22899899
2841,0.24214841
2842,0.27638048
2843,0.22886246
2844,0.5675683
2845,0.48102072
2846,0.2463093
2847,0.5119697
2848,0.33780673
2849,0.22962025
2850,0.23943047
2851,0.24516894
2852,0.32196683
2853,0.24263197
2854,0.23672707
2855,0.22642638
2856,0.60778266
2857,0.24214841
2858,0.56111753
2859,0.21789178
2860,0.21972908
2861,0.45581543
2862,0.22962025
2863,0.24130523
2864,0.21767418
2865,0.21767418
2866,0.21767418
2867,0.64710736
2868,0.29536527
2869,0.27126047
2870,0.5558537
2871,0.21775317
2872,0.5726212
2873,0.25694972
2874,0.21778417
2875,0.21873218
2876,0.43826258
2877,0.43826258
2878,0.616567
2879,0.25694972
2880,0.25694972
2881,0.22169527
2882,0.31535444
2883,0.59762883
2884,0.25694972
2885,0.59762883
2886,0.5663973
2887,0.59762883
2888,0.6191567
2889,0.65778244
2890,0.22785331
2891,0.43826258
2892,0.25694972
2893,0.25694972
2894,0.616567
2895,0.66350186
2896,0.66393083
2897,0.6191567
2898,0.22169527
2899,0.24385783
2900,0.24385783
2901,0.6191567
2902,0.23114938
2903,0.2870179
2904,0.21973887
2905,0.25694972
2906,0.21973887
2907,0.23913614
2908,0.616567
2909,0.6600492
2910,0.6623199
2911,0.659708
2912,0.26642624
2913,0.66350186
2914,0.65326
2915,0.24864353
2916,0.23898259
2917,0.26293784
2918,0.24256723
2919,0.55883104
2920,0.65704846
2921,0.55883104
2922,0.21948022
2923,0.21868658
2924,0.659444
2925,0.26293784
2926,0.23898259
2927,0.24864353
2928,0.23898259
2929,0.21868658
2930,0.6140059
2931,0.24025959
2932,0.6484983
2933,0.24025959
2934,0.24864353
2935,0.5620471
2936,0.24864353
2937,0.487386
2938,0.25747117
2939,0.6626153
2940,0.65911484
2941,0.6626467
2942,0.5636046
2943,0.6532948
2944,0.6618501
2945,0.6490476
2946,0.61827767
2947,0.25042847
2948,0.24402454
2949,0.34721696
2950,0.6636961
2951,0.5031702
2952,0.662079
2953,0.662079
2954,0.27485272
2955,0.65439993
2956,0.40304768
2957,0.65439993
2958,0.65439993
2959,0.6183279
2960,0.6630441
2961,0.32384387
2962,0.4628591
2963,0.22642638
2964,0.5947982
2965,0.54314435
2966,0.24263197
2967,0.24263197
2968,0.42860323
2969,0.21777244
2970,0.24133468
2971,0.22642638
2972,0.22692458
2973,0.2699243
2974,0.2699243
2975,0.577166
2976,0.23793055
2977,0.32196683
2978,0.22692458
2979,0.645888
2980,0.32196683
2981,0.23775136
2982,0.22264877
2983,0.48102072
2984,0.2699243
2985,0.27638048
2986,0.58007
2987,0.64710736
2988,0.23775136
2989,0.48102072
2990,0.64710736
2991,0.2699243
2992,0.24263197
2993,0.24130523
2994,0.22642638
2995,0.32196683
2996,0.24130523
2997,0.22456834
2998,0.5329354
2999,0.22891863
3000,0.22663847
3001,0.2375158
3002,0.54628885
3003,0.21723433
3004,0.22663847
3005,0.56081843
3006,0.27517313
3007,0.30687928
3008,0.22456834
3009,0.45488742
3010,0.56081843
3011,0.25168866
3012,0.34802908
3013,0.28279942
3014,0.24732539
3015,0.22456834
3016,0.22663847
3017,0.22168052
3018,0.54628885
3019,0.28279942
3020,0.23262393
3021,0.60266006
3022,0.65492916
3023,0.41507888
3024,0.65107983
3025,0.607978
3026,0.66183406
3027,0.61817944
3028,0.25694972
3029,0.6425514
3030,0.6581223
3031,0.6638046
3032,0.6630461
3033,0.6537887
3034,0.24256723
3035,0.55883104
3036,0.6630461
3037,0.27296415
3038,0.44968265
3039,0.65937984
3040,0.611065
3041,0.6032264
3042,0.65911484
3043,0.21777126
3044,0.6359594
3045,0.6032264
3046,0.57513815
3047,0.6626153
3048,0.6636961
3049,0.657
3050,0.21820894
3051,0.6032264
3052,0.21777126
3053,0.21777126
3054,0.22165862
3055,0.6636961
3056,0.43228322
3057,0.6032264
3058,0.43073225
3059,0.6626153
3060,0.5042096
3061,0.5042096
3062,0.657
3063,0.43073225
3064,0.23436895
3065,0.65983653
3066,0.61827767
3067,0.21777126
3068,0.21777126
3069,0.25042847
3070,0.22165862
3071,0.6032264
3072,0.6574415
3073,0.6032264
3074,0.6463925
3075,0.655019
3076,0.6538732
3077,0.61827767
3078,0.56453794
3079,0.6618501
3080,0.6032264
3081,0.6612882
3082,0.3392632
3083,0.30152977
3084,0.66019225
3085,0.21767418
3086,0.2177866
3087,0.5558537
3088,0.21767418
3089,0.5947982
3090,0.28480396
3091,0.28480396
3092,0.28480396
3093,0.41367233
3094,0.21767418
3095,0.64710736
3096,0.24263197
3097,0.42860323
3098,0.32196683
3099,0.2695992
3100,0.24130523
3101,0.4161783
3102,0.22642638
3103,0.27956954
3104,0.32591107
3105,0.2221918
3106,0.60778266
3107,0.22962025
3108,0.21977176
3109,0.5555172
3110,0.645888
3111,0.645888
3112,0.22962025
3113,0.2455217
3114,0.23775136
3115,0.54314435
3116,0.25408763
3117,0.22899899
3118,0.42860323
3119,0.2364662
3120,0.21972908
3121,0.24214841
3122,0.58007
3123,0.22642638
3124,0.28530127
3125,0.23775136
3126,0.24130523
3127,0.21767418
3128,0.28480396
3129,0.22692458
3130,0.24516894
3131,0.22692458
3132,0.28530127
3133,0.22692458
3134,0.22692458
3135,0.24263197
3136,0.32196683
3137,0.22899899
3138,0.22642638
3139,0.6590054
3140,0.2455217
3141,0.5546469
3142,0.21780363
3143,0.48102072
3144,0.29536527
3145,0.27126047
3146,0.29197678
3147,0.22642638
3148,0.21972908
3149,0.28480396
3150,0.3854522
3151,0.3854522
3152,0.3854522
3153,0.32196683
3154,0.24214841
3155,0.33780673
3156,0.23672707
3157,0.2221918
3158,0.21767418
3159,0.21767418
3160,0.58007
3161,0.22068316
3162,0.22886246
3163,0.23943047
3164,0.608399
3165,0.5838802
3166,0.27305254
3167,0.6559322
3168,0.25074235
3169,0.6533978
3170,0.22621566
3171,0.5997867
3172,0.6619719
3173,0.608399
3174,0.56533813
3175,0.21765551
3176,0.47617906
3177,0.5998105
3178,0.5068331
3179,0.60411525
3180,0.27305254
3181,0.43398267
3182,0.22621566
3183,0.25011638
3184,0.56533813
3185,0.5998105
3186,0.62037736
3187,0.26038876
3188,0.24594578
3189,0.24594578
3190,0.24594578
3191,0.655957
3192,0.26038876
3193,0.655957
3194,0.27305254
3195,0.5320433
3196,0.25074235
3197,0.6637666
3198,0.21969463
3199,0.5997867
3200,0.63860244
3201,0.6637666
3202,0.22169527
3203,0.24610262
3204,0.6209792
3205,0.55770636
3206,0.661772
3207,0.60266006
3208,0.66443217
3209,0.21765551
3210,0.22169527
3211,0.66090095
3212,0.6581223
3213,0.66090095
3214,0.3663039
3215,0.62930113
3216,0.43826258
3217,0.61336005
3218,0.29197678
3219,0.32196683
3220,0.22264877
3221,0.22962025
3222,0.28905594
3223,0.29197678
3224,0.21972908
3225,0.32196683
3226,0.64761996
3227,0.2455217
3228,0.23167646
3229,0.21767418
3230,0.22692458
3231,0.33780673
3232,0.23167646
3233,0.5555172
3234,0.21777244
3235,0.22642638
3236,0.21767418
3237,0.28480396
3238,0.22962025
3239,0.48102072
3240,0.58007
3241,0.21780363
3242,0.21767418
3243,0.32196683
3244,0.21780363
3245,0.21780363
3246,0.32196683
3247,0.32196683
3248,0.32196683
3249,0.21767418
3250,0.21789178
3251,0.5555172
3252,0.24257182
3253,0.22456834
3254,0.642054
3255,0.642054
3256,0.30687928
3257,0.21954691
3258,0.22145674
3259,0.24257182
3260,0.21715134
3261,0.66324836
3262,0.66368514
3263,0.5850897
3264,0.5850897
3265,0.21788794
3266,0.21763702
3267,0.6410712
3268,0.32384387
3269,0.6553061
3270,0.5850897
3271,0.24972636
3272,0.57383925
3273,0.6000217
3274,0.2613724
3275,0.6000217
3276,0.22115403
3277,0.21763702
3278,0.2378899
3279,0.2378899
3280,0.22115403
3281,0.37347767
3282,0.661836
3283,0.32498527
3284,0.65161455
3285,0.31753534
3286,0.2490726
3287,0.40304768
3288,0.3211599
3289,0.6091925
3290,0.5505485
3291,0.6556922
3292,0.23132923
3293,0.56742764
3294,0.21775317
3295,0.21765551
3296,0.24610262
3297,0.21765551
3298,0.21765551
3299,0.21775317
3300,0.26642624
3301,0.6209792
3302,0.21765551
3303,0.21765551
3304,0.21775317
3305,0.64707005
3306,0.24610262
3307,0.49384594
3308,0.21765551
3309,0.21775317
3310,0.65326
3311,0.24972266
3312,0.21775317
3313,0.21841513
3314,0.24610262
3315,0.6425514
3316,0.6614791
3317,0.6523694
3318,0.65671307
3319,0.65704846
3320,0.5493909
3321,0.6140059
3322,0.6140059
3323,0.6523694
3324,0.21868658
3325,0.26927722
3326,0.6637326
3327,0.655019
3328,0.6463925
3329,0.22503431
3330,0.6637326
3331,0.6032264
3332,0.6359594
3333,0.6032264
3334,0.6637326
3335,0.6626153
3336,0.662079
3337,0.66322047
3338,0.6612882
3339,0.6532948
3340,0.25747117
3341,0.61827767
3342,0.6032264
3343,0.5636046
3344,0.27485272
3345,0.21777126
3346,0.29028702
3347,0.30719227
3348,0.61827767
3349,0.65605044
3350,0.657
3351,0.29028702
3352,0.65605044
3353,0.6164434
3354,0.65605044
3355,0.3099885
3356,0.66383684
3357,0.3480222
3358,0.61827767
3359,0.65605044
3360,0.6463925
3361,0.22127986
3362,0.6032264
3363,0.65605044
3364,0.6403384
3365,0.27485272
3366,0.6626153
3367,0.61827767
3368,0.65605044
3369,0.26927722
3370,0.43228322
3371,0.64127064
3372,0.6626467
3373,0.61827767
3374,0.5674014
3375,0.6574415
3376,0.2176432
3377,0.24367534
3378,0.6624091
3379,0.2895772
3380,0.60255367
3381,0.65161455
3382,0.40304768
3383,0.2229243
3384,0.6319537
3385,0.2310849
3386,0.22342643
3387,0.21703382
3388,0.2737664
3389,0.27618575
3390,0.27618575
3391,0.27618575
3392,0.30853492
3393,0.30853492
3394,0.6000217
3395,0.5675683
3396,0.21767418
3397,0.22886246
3398,0.48102072
3399,0.21767418
3400,0.22264877
3401,0.21789178
3402,0.21777244
3403,0.5555172
3404,0.2699243
3405,0.56111753
3406,0.23775136
3407,0.23594998
3408,0.63129264
3409,0.3854522
3410,0.27126047
3411,0.22886246
3412,0.54314435
3413,0.59892267
3414,0.2463093
3415,0.24263197
3416,0.22954622
3417,0.32196683
3418,0.2364662
3419,0.23672707
3420,0.2311794
3421,0.2177866
3422,0.2364662
3423,0.27542377
3424,0.22891863
3425,0.642054
3426,0.62704754
3427,0.27542377
3428,0.43023986
3429,0.27542377
3430,0.30687928
3431,0.54628885
3432,0.6400746
3433,0.2289297
3434,0.40966108
3435,0.56081843
3436,0.5001308
3437,0.5663973
3438,0.31205416
3439,0.64707005
3440,0.6209792
3441,0.49384594
3442,0.43826258
3443,0.25694972
3444,0.24802722
3445,0.60266006
3446,0.66326964
3447,0.4762368
3448,0.21778417
3449,0.21765551
3450,0.21765551
3451,0.21765551
3452,0.21765551
3453,0.5726212
3454,0.21778417
3455,0.4324091
3456,0.21778417
3457,0.21778417
3458,0.2870179
3459,0.5663973
3460,0.21765551
3461,0.27956954
3462,0.56111753
3463,0.5119697
3464,0.29536527
3465,0.32196683
3466,0.28530127
3467,0.27956954
3468,0.49656105
3469,0.36807734
3470,0.22962025
3471,0.22954622
3472,0.22954622
3473,0.32196683
3474,0.48102072
3475,0.2695992
3476,0.32196683
3477,0.41367233
3478,0.22962025
3479,0.5947982
3480,0.6037591
3481,0.23167646
3482,0.23391967
3483,0.2699243
3484,0.35449958
3485,0.21767418
3486,0.22642638
3487,0.5555172
3488,0.593756
3489,0.4161783
3490,0.28530127
3491,0.22282812
3492,0.27638048
3493,0.63129264
3494,0.48102072
3495,0.24214841
3496,0.5546469
3497,0.22456834
3498,0.56202763
3499,0.6624091
3500,0.6636935
3501,0.2490726
3502,0.40304768
3503,0.22027968
3504,0.48571956
3505,0.6091925
3506,0.6556922
3507,0.29315528
3508,0.66069305
3509,0.22027968
3510,0.2895772
3511,0.64647996
3512,0.66069305
3513,0.46112907
3514,0.6624106
3515,0.26024377
3516,0.41367233
3517,0.60560596
3518,0.22642638
3519,0.593756
3520,0.23167646
3521,0.22642638
3522,0.5555172
3523,0.32196683
3524,0.593756
3525,0.60560596
3526,0.24130523
3527,0.24130523
3528,0.42860323
3529,0.24214841
3530,0.23775136
3531,0.23775136
3532,0.42860323
3533,0.5555172
3534,0.21972908
3535,0.2699243
3536,0.32196683
3537,0.22886246
3538,0.6272279
3539,0.6272279
3540,0.21775317
3541,0.38066152
3542,0.59762883
3543,0.21765551
3544,0.31205416
3545,0.5001308
3546,0.57721514
3547,0.21841513
3548,0.66090095
3549,0.36497995
3550,0.6581223
3551,0.31205416
3552,0.25694972
3553,0.47829586
3554,0.66090095
3555,0.31205416
3556,0.6523694
3557,0.29792076
3558,0.34027117
3559,0.65704846
3560,0.21868658
3561,0.65656716
3562,0.34027117
3563,0.65704846
3564,0.65704846
3565,0.2752161
3566,0.660589
3567,0.265968
3568,0.265968
3569,0.65704846
3570,0.65242034
3571,0.30426747
3572,0.24864353
3573,0.6638046
3574,0.6638046
3575,0.6556922
3576,0.2490726
3577,0.6112388
3578,0.5074309
3579,0.59247386
3580,0.59247386
3581,0.5505485
3582,0.23913433
3583,0.59247386
3584,0.22027968
3585,0.5505485
3586,0.2737664
3587,0.6112388
3588,0.59247386
3589,0.66014045
3590,0.60754466
3591,0.31753534
3592,0.21713474
3593,0.2310849
3594,0.59247386
3595,0.59247386
3596,0.5074309
3597,0.21713474
3598,0.2895772
3599,0.32689446
3600,0.2490726
3601,0.66237605
3602,0.533306
3603,0.6619719
3604,0.22064134
3605,0.66383684
3606,0.38285625
3607,0.56453794
3608,0.52979136
3609,0.25042847
3610,0.38285625
3611,0.61823416
3612,0.56453794
3613,0.27485272
3614,0.29028702
3615,0.43228322
3616,0.66383684
3617,0.6626467
3618,0.657
3619,0.26927722
3620,0.26927722
3621,0.6460247
3622,0.28638977
3623,0.6626467
3624,0.657
3625,0.23436895
3626,0.657
3627,0.26927722
3628,0.52979136
3629,0.6626467
3630,0.60255367
3631,0.65161455
3632,0.56742764
3633,0.5074309
3634,0.56742764
3635,0.5074309
3636,0.56742764
3637,0.21982351
3638,0.21982351
3639,0.32498527
3640,0.21982351
3641,0.6646767
3642,0.2490726
3643,0.6516713
3644,0.608399
3645,0.655957
3646,0.5998105
3647,0.6533978
3648,0.37655884
3649,0.608399
3650,0.6516713
3651,0.21776721
3652,0.21776721
3653,0.27305254
3654,0.24594578
3655,0.66310114
3656,0.608399
3657,0.6516713
3658,0.66458046
3659,0.655957
3660,0.27485272
3661,0.5997867
3662,0.37655884
3663,0.608399
3664,0.608399
3665,0.23760158
3666,0.66390955
3667,0.5068331
3668,0.66310114
3669,0.34635416
3670,0.608399
3671,0.23760158
3672,0.30173504
3673,0.3694822
3674,0.5997867
3675,0.5997867
3676,0.66310114
3677,0.26038876
3678,0.37655884
3679,0.26038876
3680,0.26038876
3681,0.3267843
3682,0.6637273
3683,0.26038876
3684,0.26038876
3685,0.26038876
3686,0.533306
3687,0.26038876
3688,0.6233885
3689,0.45554388
3690,0.66371953
3691,0.664106
3692,0.63102543
3693,0.63102543
3694,0.6629026
3695,0.6047492
3696,0.45554388
3697,0.45554388
3698,0.2870179
3699,0.31205416
3700,0.25919813
3701,0.22785331
3702,0.22785331
3703,0.2870179
3704,0.54060775
3705,0.65921485
3706,0.6209792
3707,0.24972266
3708,0.57721514
3709,0.6579115
3710,0.66350186
3711,0.57721514
3712,0.22870295
3713,0.21765551
3714,0.21765551
3715,0.21873218
3716,0.21765551
3717,0.21765551
3718,0.41507888
3719,0.6209792
3720,0.616567
3721,0.21765551
3722,0.21765551
3723,0.21873218
3724,0.22062638
3725,0.61638975
3726,0.25694972
3727,0.64707005
3728,0.38066152
3729,0.25694972
3730,0.6581223
3731,0.61638975
3732,0.49384594
3733,0.6191567
3734,0.2767753
3735,0.2882279
3736,0.38066152
3737,0.22062638
3738,0.49384594
3739,0.22651947
3740,0.25910485
3741,0.21713474
3742,0.25910485
3743,0.2895772
3744,0.22651947
3745,0.21986502
3746,0.60255367
3747,0.65161455
3748,0.49335265
3749,0.27618575
3750,0.64377457
3751,0.47840697
3752,0.49335265
3753,0.2895772
3754,0.25910485
3755,0.59247386
3756,0.64647996
3757,0.27618575
3758,0.64647996
3759,0.24099682
3760,0.6646278
3761,0.6000217
3762,0.6630441
3763,0.21788794
3764,0.2613724
3765,0.5719054
3766,0.35398567
3767,0.6630441
3768,0.6447647
3769,0.21788794
3770,0.6646278
3771,0.21788794
3772,0.39577627
3773,0.2613724
3774,0.21788794
3775,0.23115559
3776,0.24972636
3777,0.6067158
3778,0.22739144
3779,0.22739144
3780,0.6410712
3781,0.38596326
3782,0.57383925
3783,0.22739144
3784,0.22086613
3785,0.23115559
3786,0.5415568
3787,0.6635077
3788,0.6427922
3789,0.21763702
3790,0.6425514
3791,0.22169527
3792,0.661772
3793,0.24385783
3794,0.66393083
3795,0.66090095
3796,0.6538732
3797,0.6359594
3798,0.3480222
3799,0.3480222
3800,0.66383684
3801,0.66054094
3802,0.52979136
3803,0.52750075
3804,0.6000217
3805,0.62068653
3806,0.22086613
3807,0.52750075
3808,0.6447647
3809,0.27638048
3810,0.22642638
3811,0.23167646
3812,0.2699243
3813,0.2695992
3814,0.45581543
3815,0.27638048
3816,0.28905594
3817,0.22642638
3818,0.63129264
3819,0.22962025
3820,0.33780673
3821,0.28530127
3822,0.593756
3823,0.22886246
3824,0.28530127
3825,0.22954622
3826,0.41367233
3827,0.32196683
3828,0.22962025
3829,0.64761996
3830,0.23775136
3831,0.41367233
3832,0.25011638
3833,0.23672707
3834,0.28245023
3835,0.28245023
3836,0.5938918
3837,0.23760158
3838,0.47617906
3839,0.22276868
3840,0.66180915
3841,0.66164505
3842,0.62901527
3843,0.51035655
3844,0.23786561
3845,0.58230597
3846,0.6638556
3847,0.25135463
3848,0.21950845
3849,0.61788106
3850,0.51035655
3851,0.43539727
3852,0.6614791
3853,0.24864353
3854,0.24453378
3855,0.53935516
3856,0.2276603
3857,0.24864353
3858,0.6140059
3859,0.53935516
3860,0.22033349
3861,0.6460247
3862,0.56453794
3863,0.5042096
3864,0.22104941
3865,0.5042096
3866,0.43073225
3867,0.5042096
3868,0.6071746
3869,0.6647216
3870,0.65671307
3871,0.6647216
3872,0.6647216
3873,0.46528614
3874,0.6647216
3875,0.34027117
3876,0.22452657
3877,0.6515776
3878,0.6172465
3879,0.21948022
3880,0.38971877
3881,0.46528614
3882,0.657
3883,0.6359594
3884,0.6597497
3885,0.30853492
3886,0.2613724
3887,0.5719054
3888,0.23115559
3889,0.21788794
3890,0.21778417
3891,0.31535444
3892,0.21841513
3893,0.6623199
3894,0.66322047
3895,0.22127986
3896,0.6032264
3897,0.6637326
3898,0.47846907
3899,0.662079
3900,0.6403384
3901,0.6612882
3902,0.22127986
3903,0.6032264
3904,0.6637326
3905,0.24462396
3906,0.24462396
3907,0.5042096
3908,0.66054094
3909,0.30719227
3910,0.52979136
3911,0.6574415
3912,0.6359594
3913,0.6532948
3914,0.6165545
3915,0.22127986
3916,0.28638977
3917,0.33320025
3918,0.6463925
3919,0.61827767
3920,0.6538732
3921,0.52979136
3922,0.6164434
3923,0.66054094
3924,0.65911484
3925,0.22503431
3926,0.6032264
3927,0.6538732
3928,0.6532948
3929,0.61827767
3930,0.6165545
3931,0.25747117
3932,0.6626153
3933,0.6460247
3934,0.66054094
3935,0.6626153
3936,0.6359594
3937,0.33320025
3938,0.6032264
3939,0.22068316
3940,0.22886246
3941,0.32196683
3942,0.22692458
3943,0.62553954
3944,0.22954622
3945,0.645888
3946,0.593756
3947,0.32196683
3948,0.22886246
3949,0.64026475
3950,0.6047492
3951,0.4228431
3952,0.6191328
3953,0.64618385
3954,0.6191328
3955,0.6628402
3956,0.28624263
3957,0.4228431
3958,0.6047492
3959,0.6233885
3960,0.6233885
3961,0.64026475
3962,0.6047492
3963,0.48855543
3964,0.6636071
3965,0.6636071
3966,0.6544622
3967,0.65446997
3968,0.6636071
3969,0.6636071
3970,0.6636071
3971,0.35145903
3972,0.57886505
3973,0.6283637
3974,0.607978
3975,0.31205416
3976,0.6581223
3977,0.21765551
3978,0.64707005
3979,0.21765551
3980,0.21765551
3981,0.43826258
3982,0.22486764
3983,0.607978
3984,0.25694972
3985,0.54060775
3986,0.61638975
3987,0.36497995
3988,0.5671042
3989,0.36497995
3990,0.25694972
3991,0.6000217
3992,0.58496535
3993,0.62436324
3994,0.30853492
3995,0.32384387
3996,0.30853492
3997,0.58496535
3998,0.28400114
3999,0.3390734
4000,0.22412494
4001,0.6067158
4002,0.28400114
4003,0.31720296
4004,0.24263197
4005,0.42860323
4006,0.22886246
4007,0.22886246
4008,0.58007
4009,0.28905594
4010,0.22962025
4011,0.5119697
4012,0.23594998
4013,0.49656105
4014,0.5675683
4015,0.22962025
4016,0.23391967
4017,0.28530127
4018,0.25408763
4019,0.58007
4020,0.58007
4021,0.5555172
4022,0.6319778
4023,0.25147453
4024,0.56111753
4025,0.23793055
4026,0.2221918
4027,0.25215852
4028,0.23793055
4029,0.45003906
4030,0.2699243
4031,0.23167646
4032,0.23093481
4033,0.61461973
4034,0.21706262
4035,0.56081843
4036,0.2463791
4037,0.23262393
4038,0.22075923
4039,0.23093481
4040,0.22663847
4041,0.27517313
4042,0.26212487
4043,0.23093481
4044,0.56081843
4045,0.56081843
4046,0.56081843
4047,0.56533813
4048,0.54303765
4049,0.62791646
4050,0.6209792
4051,0.24025348
4052,0.6529902
4053,0.66183406
4054,0.2270427
4055,0.22785331
4056,0.6558697
4057,0.23114938
4058,0.65326
4059,0.6209792
4060,0.6209792
4061,0.661772
4062,0.2270427
4063,0.65778244
4064,0.6140059
4065,0.645888
4066,0.32196683
4067,0.23775136
4068,0.22642638
4069,0.32196683
4070,0.33780673
4071,0.32196683
4072,0.63579094
4073,0.58007
4074,0.5555172
4075,0.21767418
4076,0.41462815
4077,0.2695992
4078,0.32196683
4079,0.27126047
4080,0.5555172
4081,0.5947982
4082,0.5947982
4083,0.22282812
4084,0.5947982
4085,0.6516713
4086,0.63504505
4087,0.3694822
4088,0.5997867
4089,0.23760158
4090,0.5838802
4091,0.23162831
4092,0.23162831
4093,0.64922106
4094,0.22276868
4095,0.26038876
4096,0.34635416
4097,0.21969463
4098,0.5997867
4099,0.22806044
4100,0.5099065
4101,0.22806044
4102,0.2187481
4103,0.6226324
4104,0.270374
4105,0.60661584
4106,0.25135463
4107,0.25135463
4108,0.25135463
4109,0.6140059
4110,0.6140059
4111,0.65671307
4112,0.5503924
4113,0.6101343
4114,0.6140059
4115,0.6523694
4116,0.21973887
4117,0.4324091
4118,0.21973887
4119,0.3464223
4120,0.3464223
4121,0.6623199
4122,0.6579115
4123,0.3464223
4124,0.21868658
4125,0.6515776
4126,0.65902346
4127,0.6638046
4128,0.21868658
4129,0.21868658
4130,0.22033349
4131,0.27296415
4132,0.6638046
4133,0.6319778
4134,0.27956954
4135,0.28530127
4136,0.24130523
4137,0.33780673
4138,0.28530127
4139,0.6319778
4140,0.2463093
4141,0.23943047
4142,0.63579094
4143,0.59892267
4144,0.23557736
4145,0.32196683
4146,0.32196683
4147,0.32196683
4148,0.28530127
4149,0.63129264
4150,0.64710736
4151,0.2311794
4152,0.49656105
4153,0.5885062
4154,0.6168474
4155,0.5885062
4156,0.57713723
4157,0.27761078
4158,0.64931035
4159,0.63366854
4160,0.6359892
4161,0.6200514
4162,0.64026475
4163,0.2267296
4164,0.4228431
4165,0.6619265
4166,0.64025974
4167,0.5910501
4168,0.23694468
4169,0.64026475
4170,0.3750831
4171,0.64026475
4172,0.22576362
4173,0.35145903
4174,0.4493958
4175,0.6636071
4176,0.35145903
4177,0.60661584
4178,0.25135463
4179,0.588331
4180,0.6226324
4181,0.588331
4182,0.6517646
4183,0.59786916
4184,0.21841513
4185,0.5001308
4186,0.21765551
4187,0.5900977
4188,0.24610262
4189,0.5663973
4190,0.21841513
4191,0.24610262
4192,0.21765551
4193,0.21841513
4194,0.5857422
4195,0.21765551
4196,0.24972266
4197,0.21841513
4198,0.2767753
4199,0.32360125
4200,0.32360125
4201,0.2256198
4202,0.2256198
4203,0.4060267
4204,0.6614928
4205,0.22033349
4206,0.26293784
4207,0.6614791
4208,0.65752256
4209,0.23567832
4210,0.21763772
4211,0.21714672
4212,0.23567832
4213,0.6614928
4214,0.21765551
4215,0.616112
4216,0.65352845
4217,0.24145253
4218,0.624249
4219,0.655957
4220,0.6634844
4221,0.24130523
4222,0.21767418
4223,0.21767418
4224,0.41367233
4225,0.21767418
4226,0.21767418
4227,0.29225236
4228,0.22642638
4229,0.24130523
4230,0.41367233
4231,0.23594998
4232,0.21789178
4233,0.22692458
4234,0.2699243
4235,0.6319778
4236,0.21789178
4237,0.54314435
4238,0.3854522
4239,0.30687928
4240,0.2765168
4241,0.5329354
4242,0.22531426
4243,0.30687928
4244,0.22675194
4245,0.27542377
4246,0.27542377
4247,0.6421338
4248,0.26254874
4249,0.30687928
4250,0.27056792
4251,0.26353177
4252,0.26353177
4253,0.22663847
4254,0.22891863
4255,0.2849375
4256,0.26353177
4257,0.26353177
4258,0.24257182
4259,0.22663847
4260,0.6533978
4261,0.5997867
4262,0.27485272
4263,0.27305254
4264,0.27305254
4265,0.27485272
4266,0.2952148
4267,0.66361916
4268,0.43539727
4269,0.61788106
4270,0.21973887
4271,0.65107983
4272,0.659708
4273,0.6425514
4274,0.24972266
4275,0.21778417
4276,0.64366865
4277,0.21841513
4278,0.22033349
4279,0.24025959
4280,0.6140059
4281,0.23898259
4282,0.2170453
4283,0.65704846
4284,0.6647216
4285,0.21763772
4286,0.26293784
4287,0.2170453
4288,0.6620632
4289,0.22104941
4290,0.6538732
4291,0.52979136
4292,0.22104941
4293,0.52979136
4294,0.6032264
4295,0.43073225
4296,0.22104941
4297,0.39997852
4298,0.6612882
4299,0.6612882
4300,0.44582856
4301,0.64127064
4302,0.25747117
4303,0.44582856
4304,0.22104941
4305,0.487386
4306,0.6636961
4307,0.6165545
4308,0.26927722
4309,0.22104941
4310,0.22104941
4311,0.26927722
4312,0.22104941
4313,0.23436895
4314,0.23436895
4315,0.22104941
4316,0.22104941
4317,0.23436895
4318,0.6637326
4319,0.65963835
4320,0.6636961
4321,0.6637326
4322,0.6612882
4323,0.61827767
4324,0.655019
4325,0.22104941
4326,0.6637326
4327,0.6032264
4328,0.35673746
4329,0.52979136
4330,0.6626467
4331,0.662079
4332,0.52979136
4333,0.22562866
4334,0.22104941
4335,0.23436895
4336,0.64127064
4337,0.51711154
4338,0.21788794
4339,0.66019225
4340,0.21788794
4341,0.2613724
4342,0.6000217
4343,0.30740845
4344,0.23115559
4345,0.2613724
4346,0.6165545
4347,0.43073225
4348,0.6032264
4349,0.51711154
4350,0.3464223
4351,0.6209792
4352,0.6209792
4353,0.6646829
4354,0.6032264
4355,0.5816891
4356,0.6490476
4357,0.4053018
4358,0.25042847
4359,0.65963835
4360,0.5816891
4361,0.6626153
4362,0.6626467
4363,0.6646829
4364,0.33320025
4365,0.23391967
4366,0.23391967
4367,0.22899899
4368,0.23943047
4369,0.593756
4370,0.22264877
4371,0.56111753
4372,0.64776903
4373,0.24516894
4374,0.22962025
4375,0.47846907
4376,0.655019
4377,0.6403384
4378,0.21777126
4379,0.21777126
4380,0.30719227
4381,0.6637326
4382,0.6538732
4383,0.44582856
4384,0.21777126
4385,0.44582856
4386,0.23436895
4387,0.6032264
4388,0.5750211
4389,0.6538732
4390,0.6532948
4391,0.6359594
4392,0.24462396
4393,0.61827767
4394,0.6032264
4395,0.23436895
4396,0.61827767
4397,0.2176432
4398,0.61098456
4399,0.34721696
4400,0.2176432
4401,0.6636961
4402,0.34721696
4403,0.34721696
4404,0.6359594
4405,0.30719227
4406,0.6032264
4407,0.23436895
4408,0.66290665
4409,0.5997867
4410,0.34635416
4411,0.608399
4412,0.66290665
4413,0.56533813
4414,0.56533813
4415,0.6632943
4416,0.66165674
4417,0.4228431
4418,0.55742365
4419,0.45554388
4420,0.5326279
4421,0.6632943
4422,0.45673084
4423,0.6429658
4424,0.64026475
4425,0.3750831
4426,0.64026475
4427,0.65671307
4428,0.6614791
4429,0.6101343
4430,0.6140059
4431,0.6515776
4432,0.65911484
4433,0.28638977
4434,0.3392632
4435,0.6636245
4436,0.6032264
4437,0.21777126
4438,0.510952
4439,0.22642638
4440,0.23391967
4441,0.49656105
4442,0.27126047
4443,0.41462815
4444,0.22456834
4445,0.6429698
4446,0.2375158
4447,0.6429698
4448,0.21715134
4449,0.28303647
4450,0.26254874
4451,0.5391032
4452,0.6400746
4453,0.23294409
4454,0.40324917
4455,0.6639845
4456,0.62704754
4457,0.26254874
4458,0.28303647
4459,0.27056792
4460,0.26353177
4461,0.26254874
4462,0.22145674
4463,0.60411525
4464,0.6619719
4465,0.608399
4466,0.62037736
4467,0.6559322
4468,0.608399
4469,0.63504505
4470,0.61604536
4471,0.5965712
4472,0.6623067
4473,0.2242679
4474,0.63777506
4475,0.2242679
4476,0.63777506
4477,0.2242679
4478,0.25135463
4479,0.6506349
4480,0.57144403
4481,0.24017645
4482,0.57144403
4483,0.5979036
4484,0.24017645
4485,0.5480809
4486,0.35145903
4487,0.35145903
4488,0.61169386
4489,0.6359594
4490,0.24402454
4491,0.61169386
4492,0.6463925
4493,0.655019
4494,0.23436895
4495,0.30853492
4496,0.6635077
4497,0.6000217
4498,0.66330194
4499,0.24251717
4500,0.6617456
4501,0.6467005
4502,0.6368083
4503,0.4334068
4504,0.4334068
4505,0.4334068
4506,0.65921485
4507,0.31205416
4508,0.6209792
4509,0.27309716
4510,0.24385783
4511,0.66327727
4512,0.616567
4513,0.21778417
4514,0.25694972
4515,0.5042096
4516,0.5042096
4517,0.66383684
4518,0.6626153
4519,0.61098456
4520,0.6165545
4521,0.47846907
4522,0.655019
4523,0.23436895
4524,0.66310114
4525,0.608399
4526,0.6619719
4527,0.6615089
4528,0.642054
4529,0.51949906
4530,0.6429698
4531,0.61827767
4532,0.66383684
4533,0.657
4534,0.6626153
4535,0.6463925
4536,0.38285625
4537,0.6538732
4538,0.4053018
4539,0.6032264
4540,0.66383684
4541,0.29028702
4542,0.66054094
4543,0.6626153
4544,0.66054094
4545,0.25747117
4546,0.47846907
4547,0.66383684
4548,0.4053018
4549,0.6442986
4550,0.38129216
4551,0.24972636
4552,0.6203542
4553,0.40109956
4554,0.52750075
4555,0.52750075
4556,0.56368893
4557,0.52750075
4558,0.52750075
4559,0.2378899
4560,0.6523277
4561,0.2378899
4562,0.27415997
4563,0.27415997
4564,0.22078246
4565,0.22642638
4566,0.22642638
4567,0.5998105
4568,0.21969463
4569,0.63860244
4570,0.21969463
4571,0.21765551
4572,0.32196683
4573,0.2221918
4574,0.31028676
4575,0.31028676
4576,0.31028676
4577,0.21767418
4578,0.2699243
4579,0.43398267
4580,0.26038876
4581,0.22276868
4582,0.22276868
4583,0.6491277
4584,0.588331
4585,0.6636071
4586,0.588331
4587,0.6636071
4588,0.22121648
4589,0.21713333
4590,0.49836555
4591,0.2170453
4592,0.6138056
4593,0.6209792
4594,0.24025348
4595,0.27352834
4596,0.65326
4597,0.66368556
4598,0.4762368
4599,0.4324091
4600,0.36497995
4601,0.6581223
4602,0.6209792
4603,0.6538732
4604,0.5816891
4605,0.25042847
4606,0.61827767
4607,0.42860323
4608,0.21977176
4609,0.24516894
4610,0.27956954
4611,0.5675683
4612,0.28530127
4613,0.41367233
4614,0.23793055
4615,0.645888
4616,0.23793055
4617,0.2455217
4618,0.45581543
4619,0.27956954
4620,0.645888
4621,0.6285342
4622,0.43398267
4623,0.21969463
4624,0.6609379
4625,0.23760158
4626,0.46281314
4627,0.56533813
4628,0.63860244
4629,0.62791646
4630,0.32939667
4631,0.22064134
4632,0.6559322
4633,0.63860244
4634,0.60411525
4635,0.47617906
4636,0.66390955
4637,0.5068331
4638,0.52677536
4639,0.5997867
4640,0.655957
4641,0.66390955
4642,0.6434051
4643,0.31306165
4644,0.547276
4645,0.32498527
4646,0.59247386
4647,0.40304768
4648,0.65439993
4649,0.47840697
4650,0.2310849
4651,0.6112388
4652,0.22342643
4653,0.33267385
4654,0.6636935
4655,0.59247386
4656,0.22754829
4657,0.27618575
4658,0.59247386
4659,0.2737664
4660,0.27618575
4661,0.27618575
4662,0.6467005
4663,0.25694972
4664,0.25694972
4665,0.49150506
4666,0.64707005
4667,0.64707005
4668,0.6601101
4669,0.2882279
4670,0.3099885
4671,0.56453794
4672,0.21777126
4673,0.21820894
4674,0.21837401
4675,0.21777126
4676,0.510952
4677,0.6516713
4678,0.6516713
4679,0.6506349
4680,0.6506349
4681,0.5891328
4682,0.5891328
4683,0.5979036
4684,0.21950845
4685,0.5979036
4686,0.24466105
4687,0.6506349
4688,0.24466105
4689,0.5979036
4690,0.6283637
4691,0.46112907
4692,0.5074309
4693,0.6091925
4694,0.40304768
4695,0.23132923
4696,0.5074309
4697,0.5074309
4698,0.57383925
4699,0.2613724
4700,0.6000217
4701,0.6000217
4702,0.2613724
4703,0.65699947
4704,0.6000217
4705,0.2613724
4706,0.6000217
4707,0.22115403
4708,0.6532653
4709,0.608399
4710,0.5998105
4711,0.21765551
4712,0.21765551
4713,0.34635416
4714,0.56533813
4715,0.30173504
4716,0.34635416
4717,0.362918
4718,0.270374
4719,0.4065966
4720,0.588331
4721,0.6632473
4722,0.65446997
4723,0.32366678
4724,0.65446997
4725,0.6523694
4726,0.6172465
4727,0.4103731
4728,0.58792955
4729,0.23567832
4730,0.2895772
4731,0.2895772
4732,0.32498527
4733,0.2895772
4734,0.66019225
4735,0.39577627
4736,0.21788794
4737,0.22086613
4738,0.6532653
4739,0.34352612
4740,0.6593028
4741,0.6609379
4742,0.63504505
4743,0.608399
4744,0.5997867
4745,0.5997867
4746,0.588331
4747,0.6627436
4748,0.24017645
4749,0.34420803
4750,0.23906192
4751,0.588331
4752,0.66164505
4753,0.6640352
4754,0.51035655
4755,0.261711
4756,0.21713333
4757,0.25135463
4758,0.61788106
4759,0.66164505
4760,0.59786916
4761,0.261711
4762,0.32366678
4763,0.261711
4764,0.61788106
4765,0.261711
4766,0.6619418
4767,0.611065
4768,0.65671307
4769,0.27296415
4770,0.58792955
4771,0.6140059
4772,0.27296415
4773,0.58792955
4774,0.6515776
4775,0.6140059
4776,0.21868658
4777,0.2170453
4778,0.53935516
4779,0.66310114
4780,0.26038876
4781,0.60693014
4782,0.63867253
4783,0.21973887
4784,0.5997284
4785,0.5998105
4786,0.24594578
4787,0.62037736
4788,0.6621566
4789,0.6579169
4790,0.21775317
4791,0.21787174
4792,0.23760158
4793,0.5838802
4794,0.32939667
4795,0.62791646
4796,0.6533978
4797,0.3694822
4798,0.24594578
4799,0.5675683
4800,0.22642638
4801,0.58007
4802,0.24516894
4803,0.32196683
4804,0.2311794
4805,0.22068316
4806,0.29197678
4807,0.593756
4808,0.2699243
4809,0.23672707
4810,0.49656105
4811,0.2699243
4812,0.36807734
4813,0.32033017
4814,0.31028676
4815,0.2699243
4816,0.29225236
4817,0.2211619
4818,0.49656105
4819,0.23672707
4820,0.21767418
4821,0.28551456
4822,0.22886246
4823,0.245903
4824,0.21767418
4825,0.21767418
4826,0.28480396
4827,0.21767418
4828,0.24130523
4829,0.42860323
4830,0.43539727
4831,0.2952148
4832,0.2187481
4833,0.24017645
4834,0.25135463
4835,0.35145903
4836,0.45200467
4837,0.45200467
4838,0.48291498
4839,0.22078246
4840,0.2378899
4841,0.21788794
4842,0.6593391
4843,0.2378899
4844,0.5317613
4845,0.24257182
4846,0.30687928
4847,0.22675194
4848,0.47127193
4849,0.60661584
4850,0.21721573
4851,0.25694972
4852,0.47829586
4853,0.23115559
4854,0.47976714
4855,0.6533978
4856,0.27305254
4857,0.27305254
4858,0.60411525
4859,0.22169527
4860,0.4682341
4861,0.63908815
4862,0.4682341
4863,0.616112
4864,0.616112
4865,0.22064134
4866,0.6634844
4867,0.22064134
4868,0.22064134
4869,0.21763702
4870,0.30853492
4871,0.6553061
4872,0.42474356
4873,0.3390734
4874,0.22907223
4875,0.5782058
4876,0.6067158
4877,0.22907223
4878,0.24972266
4879,0.24385783
4880,0.616567
4881,0.24972266
4882,0.24972266
4883,0.65911484
4884,0.61827767
4885,0.6032264
4886,0.65745544
4887,0.6032264
4888,0.662079
4889,0.61823416
4890,0.616112
4891,0.30173504
4892,0.6609379
4893,0.21765551
4894,0.533306
4895,0.21765551
4896,0.56533813
4897,0.22127037
4898,0.25419542
4899,0.5329354
4900,0.33320025
4901,0.44612277
4902,0.66067195
4903,0.5460912
4904,0.66054094
4905,0.6165545
4906,0.66054094
4907,0.29536527
4908,0.64710736
4909,0.21969463
4910,0.6637666
4911,0.21775317
4912,0.65107983
4913,0.27352834
4914,0.31535444
4915,0.27352834
4916,0.27352834
4917,0.55770636
4918,0.23167646
4919,0.22282812
4920,0.28551456
4921,0.27126047
4922,0.23775136
4923,0.27126047
4924,0.5119697
4925,0.22282812
4926,0.66139066
4927,0.21788794
4928,0.39577627
4929,0.65659237
4930,0.65170336
4931,0.4228431
4932,0.5910501
4933,0.64026475
4934,0.65171635
4935,0.26038876
4936,0.24594578
4937,0.624249
4938,0.61462975
4939,0.22064134
4940,0.27305254
4941,0.64618385
4942,0.22620994
4943,0.22722048
4944,0.22722048
4945,0.22620994
4946,0.22722048
4947,0.22722048
4948,0.5997867
4949,0.6071746
4950,0.2582328
4951,0.2582328
4952,0.6071746
4953,0.61823416
4954,0.51711154
4955,0.23262393
4956,0.6032264
4957,0.22642638
4958,0.35449958
4959,0.21767418
4960,0.22886246
4961,0.22886246
4962,0.5555172
4963,0.48102072
4964,0.22642638
4965,0.64710736
4966,0.22886246
4967,0.21780363
4968,0.45581543
4969,0.56111753
4970,0.22621566
4971,0.21775317
4972,0.608399
4973,0.22642638
4974,0.2699243
4975,0.32196683
4976,0.21767418
4977,0.64710736
4978,0.32196683
4979,0.21767418
4980,0.23943047
4981,0.5675683
4982,0.23400739
4983,0.23093481
4984,0.30687928
4985,0.23363465
4986,0.21993166
4987,0.22663847
4988,0.24257182
4989,0.23093481
4990,0.21868658
4991,0.21868658
4992,0.21868658
4993,0.23115559
4994,0.274676
4995,0.22078246
4996,0.21850786
4997,0.2455217
4998,0.22127986
4999,0.6490476
5000,0.22127986
5001,0.6625315
5002,0.38285625
5003,0.24462396
5004,0.6625315
5005,0.21777126
5006,0.21777126
5007,0.21777126
5008,0.657
5009,0.5998105
5010,0.2364248
5011,0.5998105
5012,0.21787174
5013,0.37655884
5014,0.5998105
5015,0.6646767
5016,0.32498527
5017,0.6646767
5018,0.2490726
5019,0.49150506
5020,0.21765551
5021,0.47829586
5022,0.6209792
5023,0.60266006
5024,0.5975419
5025,0.6636205
5026,0.6582639
5027,0.38911158
5028,0.22871901
5029,0.6559322
5030,0.22431546
5031,0.5480809
5032,0.6635606
5033,0.6635606
5034,0.59247386
5035,0.2737664
5036,0.21721573
5037,0.28905594
5038,0.21767418
5039,0.32196683
5040,0.21767418
5041,0.48102072
5042,0.56111753
5043,0.5555172
5044,0.24214841
5045,0.24130523
5046,0.21767418
5047,0.48102072
5048,0.2221918
5049,0.23391967
5050,0.21972908
5051,0.41507888
5052,0.24385783
5053,0.657745
5054,0.62396735
5055,0.28370747
5056,0.6608542
5057,0.4830074
5058,0.6209792
5059,0.3464223
5060,0.607978
5061,0.6581223
5062,0.6494633
5063,0.21765551
5064,0.65326
5065,0.21778417
5066,0.5295072
5067,0.43826258
5068,0.23115559
5069,0.6000217
5070,0.6565746
5071,0.21788794
5072,0.30152977
5073,0.21763702
5074,0.2583178
5075,0.5620471
5076,0.5636046
5077,0.5636046
5078,0.32196683
5079,0.3694822
5080,0.27305254
5081,0.5938918
5082,0.64922106
5083,0.6582639
5084,0.21969463
5085,0.25074235
5086,0.616112
5087,0.37655884
5088,0.4809732
5089,0.6582639
5090,0.21775317
5091,0.5997867
5092,0.21776721
5093,0.23760158
5094,0.62254745
5095,0.6140059
5096,0.6515776
5097,0.24864353
5098,0.25747117
5099,0.38285625
5100,0.57513815
5101,0.6590152
5102,0.3392632
5103,0.32498527
5104,0.32498527
5105,0.49335265
5106,0.22642638
5107,0.28272253
5108,0.31028676
5109,0.23793055
5110,0.29536527
5111,0.2364662
5112,0.28480396
5113,0.5947982
5114,0.27126047
5115,0.608399
5116,0.26038876
5117,0.608399
5118,0.608399
5119,0.608399
5120,0.6429658
5121,0.65847623
5122,0.65847623
5123,0.56081843
5124,0.25360954
5125,0.56081843
5126,0.6032264
5127,0.6533978
5128,0.6536608
5129,0.5997284
5130,0.6621566
5131,0.24257182
5132,0.6619719
5133,0.57721514
5134,0.21778417
5135,0.59762883
5136,0.43826258
5137,0.21778417
5138,0.21778417
5139,0.21778417
5140,0.21765551
5141,0.659708
5142,0.21765551
5143,0.36497995
5144,0.6425514
5145,0.21948022
5146,0.21714672
5147,0.21788242
5148,0.24864353
5149,0.5620471
5150,0.6614928
5151,0.6620632
5152,0.22064134
5153,0.4788348
5154,0.6634357
5155,0.66326904
5156,0.6596901
5157,0.23356164
5158,0.24133468
5159,0.27638048
5160,0.28905594
5161,0.22962025
5162,0.28905594
5163,0.27638048
5164,0.22962025
5165,0.28551456
5166,0.54314435
5167,0.42860323
5168,0.24133468
5169,0.21787174
5170,0.21787174
5171,0.608399
5172,0.3267843
5173,0.6516713
5174,0.3267843
5175,0.2267296
5176,0.57271886
5177,0.4228431
5178,0.65921485
5179,0.49384594
5180,0.6237886
5181,0.661772
5182,0.6529902
5183,0.6494633
5184,0.60266006
5185,0.27305254
5186,0.37655884
5187,0.63504505
5188,0.54303765
5189,0.26038876
5190,0.6620954
5191,0.6619719
5192,0.660589
5193,0.6537887
5194,0.24453378
5195,0.40516955
5196,0.2170453
5197,0.40516955
5198,0.40516955
5199,0.26038876
5200,0.6637326
5201,0.6574415
5202,0.6612882
5203,0.25747117
5204,0.66054094
5205,0.6032264
5206,0.65911484
5207,0.61827767
5208,0.3392632
5209,0.657
5210,0.26927722
5211,0.26038876
5212,0.24385783
5213,0.616567
5214,0.5521004
5215,0.6532653
5216,0.44266343
5217,0.24972636
5218,0.66415
5219,0.6568382
5220,0.54717106
5221,0.559216
5222,0.31175405
5223,0.23731527
5224,0.5546469
5225,0.645888
5226,0.35449958
5227,0.28480396
5228,0.2311794
5229,0.64710736
5230,0.65469813
5231,0.5505485
5232,0.23753865
5233,0.5505485
5234,0.52047265
5235,0.6500548
5236,0.22456834
5237,0.22663847
5238,0.6429698
5239,0.24732539
5240,0.2289297
5241,0.23294409
5242,0.27618575
5243,0.2895772
5244,0.27618575
5245,0.5505485
5246,0.2490726
5247,0.2895772
5248,0.23132923
5249,0.6574415
5250,0.61823416
5251,0.6032264
5252,0.27485272
5253,0.6359594
5254,0.65983653
5255,0.65983653
5256,0.2490726
5257,0.66153336
5258,0.22503431
5259,0.6532653
5260,0.30173504
5261,0.30173504
5262,0.5997867
5263,0.6626467
5264,0.25747117
5265,0.6032264
5266,0.61817944
5267,0.6338875
5268,0.65778244
5269,0.21765551
5270,0.61336005
5271,0.43826258
5272,0.31535444
5273,0.23436895
5274,0.56453794
5275,0.21777126
5276,0.66054094
5277,0.66054094
5278,0.6359594
5279,0.33320025
5280,0.66054094
5281,0.24466105
5282,0.24466105
5283,0.24466105
5284,0.24466105
5285,0.5891328
5286,0.5891328
5287,0.22806044
5288,0.22806044
5289,0.35145903
5290,0.62704754
5291,0.25694972
5292,0.5503924
5293,0.6140059
5294,0.5493909
5295,0.26139832
5296,0.5493909
5297,0.27296415
5298,0.5493909
5299,0.6594955
5300,0.4103731
5301,0.6140059
5302,0.21775317
5303,0.21775317
5304,0.6453353
5305,0.66361916
5306,0.2187481
5307,0.23906192
5308,0.2737664
5309,0.49335265
5310,0.23753865
5311,0.65170336
5312,0.45554388
5313,0.5172853
5314,0.65659237
5315,0.40324917
5316,0.21878001
5317,0.21706262
5318,0.34635416
5319,0.66310114
5320,0.5938918
5321,0.6550714
5322,0.6598947
5323,0.52677536
5324,0.47976714
5325,0.6597624
5326,0.21765551
5327,0.65778244
5328,0.616567
5329,0.616567
5330,0.6620632
5331,0.6076859
5332,0.34027117
5333,0.40516955
5334,0.4682341
5335,0.27485272
5336,0.66383684
5337,0.3392632
5338,0.66383684
5339,0.66383684
5340,0.27485272
5341,0.6270112
5342,0.643998
5343,0.23464961
5344,0.6400746
5345,0.26254874
5346,0.38285625
5347,0.33320025
5348,0.22356771
5349,0.22886246
5350,0.65352845
5351,0.608399
5352,0.22064134
5353,0.24594578
5354,0.63504505
5355,0.21787174
5356,0.4530546
5357,0.23943047
5358,0.4351406
5359,0.52677536
5360,0.25747117
5361,0.6434051
5362,0.23567832
5363,0.23567832
5364,0.22456834
5365,0.2170453
5366,0.44968265
5367,0.2170453
5368,0.23162831
5369,0.5320433
5370,0.21969463
5371,0.45581543
5372,0.48271343
5373,0.5148907
5374,0.47840697
5375,0.2490726
5376,0.59247386
5377,0.3211599
5378,0.5998105
5379,0.23475298
5380,0.5415568
5381,0.63867253
5382,0.52677536
5383,0.608399
5384,0.29315528
5385,0.6155722
5386,0.45554388
5387,0.22127986
5388,0.2882279
5389,0.37655884
5390,0.35449958
5391,0.30173504
5392,0.62791646
5393,0.37655884
5394,0.22621566
5395,0.65412
5396,0.6163
